word,sound
的,de
一,yi1
是,shi4
不,bu4
了,le
在,zai4
人,ren2
有,you3
我,wo3
他,ta1
这,zhe4
个,ge4
们,men
中,zhong1
来,lai2
上,shang4
大,da4
为,wei2
和,he2
国,guo2
地,de
到,dao4
以,yi3
说,shui4
时,shi2
要,yao1
就,jiu4
出,chu1
会,hui4
可,ke3
也,ye3
你,ni3
对,dui4
生,sheng1
能,neng2
而,er2
子,zi3
那,na3
得,de2
于,yu2
着,zhao1
下,xia4
自,zi4
之,zhi1
年,nian2
过,guo4
发,fa1
后,hou4
作,zuo4
里,li3
用,yong4
道,dao4
行,hang2
所,suo3
然,ran2
家,jia1
种,zhong3
事,shi4
成,cheng2
方,fang1
多,duo1
经,jing1
么,ma
去,qu4
法,fa3
学,xue2
如,ru2
都,dou1
同,tong2
现,xian4
当,dang1
没,mei2
动,dong4
面,mian4
起,qi3
看,kan1
定,ding4
天,tian1
分,fen1
还,hai2
进,jin4
好,hao3
小,xiao3
部,bu4
其,qi2
些,xie1
主,zhu3
样,yang4
理,li3
心,xin1
她,ta1
本,ben3
前,qian2
开,kai1
但,dan4
因,yin1
只,qi2
从,cong1
想,xiang3
实,shi2
日,ri4
军,jun1
者,zhe3
意,yi4
无,wu2
力,li4
它,ta1
与,yu2
长,chang2
把,ba3
机,ji1
十,shi2
民,min2
第,di4
公,gong1
此,ci3
已,yi3
工,gong1
使,shi3
情,qing2
明,ming2
性,xing4
知,zhi1
全,quan2
三,san1
又,you4
关,guan1
点,dian3
正,zheng1
业,ye4
外,wai4
将,jiang1
两,liang3
高,gao1
间,jian1
由,you2
问,wen4
很,hen3
最,zui4
重,chong2
并,bing4
物,wu4
手,shou3
应,ying1
战,zhan4
向,xiang4
头,tou2
文,wen2
体,ti3
政,zheng4
美,mei3
相,xiang1
见,jian4
被,bei4
利,li4
什,shen2
二,er4
等,deng3
产,chan3
或,huo4
新,xin1
己,ji3
制,zhi4
身,shen1
果,guo3
加,jia1
西,xi1
斯,si1
月,yue4
话,hua4
合,ge3
回,hui2
特,te2
代,dai4
内,nei4
信,xin4
表,biao3
化,hua4
老,lao3
给,gei3
世,shi4
位,wei4
次,ci4
度,du4
门,men2
任,ren4
常,chang2
先,xian1
海,hai3
通,tong1
教,jiao1
儿,er2
原,yuan2
东,dong1
声,sheng1
提,di1
立,li4
及,ji2
比,bi3
员,yuan2
解,jie3
水,shui3
名,ming2
真,zhen1
论,lun2
处,chu3
走,zou3
义,yi4
各,ge4
入,ru4
几,ji1
口,kou3
认,ren4
条,tiao2
平,ping2
系,xi4
气,qi4
题,ti2
活,huo2
尔,er3
更,geng1
别,bie2
打,da2
女,nu:3
变,bian4
四,si4
神,shen2
总,zong3
何,he2
电,dian4
数,shu3
安,an1
少,shao3
报,bao4
才,cai2
结,jie1
反,fan3
受,shou4
目,mu4
太,tai4
量,liang2
再,zai4
感,gan3
建,jian4
务,wu4
做,zuo4
接,jie1
必,bi4
场,chang3
件,jian4
计,ji4
管,guan3
期,qi1
市,shi4
直,zhi2
德,de2
资,zi1
命,ming4
山,shan1
金,jin1
指,zhi3
克,ke4
许,xu3
统,tong3
区,ou1
保,bao3
至,zhi4
队,dui4
形,xing2
社,she4
便,bian4
空,kong1
决,jue2
治,zhi4
展,zhan3
马,ma3
科,ke1
司,si1
五,wu3
基,ji1
眼,yan3
书,shu1
非,fei1
则,ze2
听,ting1
白,bai2
却,que4
界,jie4
达,da2
光,guang1
放,fang4
强,qiang2
即,ji2
像,xiang4
难,nan2
且,qie3
权,quan2
思,si1
王,wang2
象,xiang4
完,wan2
设,she4
式,shi4
色,se4
路,lu4
记,ji4
南,nan2
品,pin3
住,zhu4
告,gao4
类,lei4
求,qiu2
据,ju1
程,cheng2
北,bei3
边,bian1
死,si3
张,zhang1
该,gai1
交,jiao1
规,gui1
万,wan4
取,qu3
拉,la1
格,ge2
望,wang4
觉,jiao4
术,shu4
领,ling3
共,gong4
确,que4
传,chuan2
师,shi1
观,guan1
清,qing1
今,jin1
切,qie1
院,yuan4
让,rang4
识,shi2
候,hou4
带,dai4
导,dao3
争,zheng1
运,yun4
笑,xiao4
飞,fei1
风,feng1
步,bu4
改,gai3
收,shou1
根,gen1
干,gan1
造,zao4
言,yan2
联,lian2
持,chi2
组,zu3
每,mei3
济,ji4
车,che1
亲,qin1
极,ji2
林,lin2
服,fu2
快,kuai4
办,ban4
议,yi4
往,wang3
元,yuan2
英,ying1
士,shi4
证,zheng4
近,jin4
失,shi1
转,zhuan3
夫,fu1
令,ling4
准,zhun3
布,bu4
始,shi3
怎,zen3
呢,ne
存,cun2
未,wei4
远,yuan3
叫,jiao4
台,tai2
单,chan2
影,ying3
具,ju4
罗,luo1
字,zi4
爱,ai4
击,ji1
流,liu2
备,bei4
兵,bing1
连,lian2
调,diao4
深,shen1
商,shang1
算,suan4
质,zhi4
团,tuan2
集,ji2
百,bai3
需,xu1
价,jia4
花,hua1
党,dang3
华,hua2
城,cheng2
石,dan4
级,ji2
整,zheng3
府,fu3
离,li2
况,kuang4
亚,ya4
请,qing3
技,ji4
际,ji4
约,yao1
示,shi4
复,fu4
病,bing4
息,xi1
究,jiu1
线,xian4
似,si4
官,guan1
火,huo3
断,duan4
精,jing1
满,man3
支,zhi1
视,shi4
消,xiao1
越,yue4
器,qi4
容,rong2
照,zhao4
须,xu1
九,jiu3
增,zeng1
研,yan2
写,xie3
称,chen4
企,qi3
八,ba1
功,gong1
吗,ma3
包,bao1
片,pian1
史,shi3
委,wei1
乎,hu1
查,cha2
轻,qing1
易,yi4
早,zao3
曾,ceng2
除,chu2
农,nong2
找,zhao3
装,zhuang1
广,guang3
显,xian3
吧,ba1
阿,a1
李,li3
标,biao1
谈,tan2
吃,chi1
图,tu2
念,nian4
六,liu4
引,yin3
历,li4
首,shou3
医,yi1
局,ju2
突,tu1
专,zhuan1
费,fei4
号,hao2
尽,jin3
另,ling4
周,zhou1
较,jiao4
注,zhu4
语,yu3
仅,jin3
考,kao3
落,la4
青,qing1
随,sui2
选,xuan3
列,lie4
武,wu3
红,hong2
响,xiang3
虽,sui1
推,tui1
势,shi4
参,can1
希,xi1
古,gu3
众,zhong4
构,gou4
房,fang2
半,ban4
节,jie2
土,tu3
投,tou2
某,mou3
案,an4
黑,hei1
维,wei2
革,ge2
划,hua2
敌,di2
致,zhi4
陈,chen2
律,lu:4
足,zu2
态,tai4
护,hu4
七,qi1
兴,xing1
派,pai4
孩,hai2
验,yan4
责,ze2
营,ying2
星,xing1
够,gou4
章,zhang1
音,yin1
跟,gen1
志,zhi4
底,de
站,zhan4
严,yan2
巴,ba1
例,li4
防,fang2
族,zu2
供,gong1
效,xiao4
续,xu4
施,shi1
留,liu2
讲,jiang3
型,xing2
料,liao4
终,zhong1
答,da1
紧,jin3
黄,huang2
绝,jue2
奇,ji1
察,cha2
母,mu3
京,jing1
段,duan4
依,yi1
批,pi1
群,qun2
项,xiang4
故,gu4
按,an4
河,he2
米,mi3
围,wei2
江,jiang1
织,zhi1
害,hai4
斗,dou3
双,shuang1
境,jing4
客,ke4
纪,ji4
采,cai3
举,ju3
杀,sha1
攻,gong1
父,fu4
苏,su1
密,mi4
低,di1
朝,chao2
友,you3
诉,su4
止,zhi3
细,xi4
愿,yuan4
千,qian1
值,zhi2
仍,reng2
男,nan2
钱,qian2
破,po4
网,wang3
热,re4
助,zhu4
倒,dao3
育,yu4
属,shu3
坐,zuo4
帝,di4
限,xian4
船,chuan2
脸,lian3
职,zhi2
速,su4
刻,ke4
乐,le4
否,fou3
刚,gang1
威,wei1
毛,mao2
状,zhuang4
率,lu:4
甚,shen4
独,du2
球,qiu2
般,ban1
普,pu3
怕,pa4
弹,dan4
校,jiao4
苦,ku3
创,chuang1
假,jia3
久,jiu3
错,cuo4
承,cheng2
印,yin4
晚,wan3
兰,lan2
试,shi4
股,gu3
拿,na2
脑,nao3
预,yu4
谁,shei2
益,yi4
阳,yang2
若,ruo4
哪,na3
微,wei1
尼,ni2
继,ji4
送,song4
急,ji2
血,xie3
惊,jing1
伤,shang1
素,su4
药,yao4
适,shi4
波,bo1
夜,ye4
省,sheng3
初,chu1
喜,xi3
卫,wei4
源,yuan2
食,shi2
险,xian3
待,dai1
述,shu4
陆,liu4
习,xi2
置,zhi4
居,ju1
劳,lao2
财,cai2
环,huan2
排,pai2
福,fu2
纳,na4
欢,huan1
雷,lei2
警,jing3
获,huo4
模,mo2
充,chong1
负,fu4
云,yun2
停,ting2
木,mu4
游,you2
龙,long2
树,shu4
疑,yi2
层,ceng2
冷,leng3
洲,zhou1
冲,chong1
射,she4
略,lue4
范,fan4
竟,jing4
句,ju4
室,shi4
异,yi4
激,ji1
汉,han4
村,cun1
哈,ha1
策,ce4
演,yan3
简,jian3
卡,ka3
罪,zui4
判,pan4
担,dan1
州,zhou1
静,jing4
退,tui4
既,ji4
衣,yi1
您,nin2
宗,zong1
积,ji1
余,yu2
痛,tong4
检,jian3
差,cha1
富,fu4
灵,ling2
协,xie2
角,jiao3
占,zhan1
配,pei4
征,zheng1
修,xiu1
皮,pi2
挥,hui1
胜,sheng1
降,jiang4
阶,jie1
审,shen3
沉,chen2
坚,jian1
善,shan4
妈,ma1
刘,liu2
读,dou4
啊,a1
超,chao1
免,mian3
压,ya1
银,yin2
买,mai3
皇,huang2
养,yang3
伊,yi1
怀,huai2
执,zhi2
副,fu4
乱,luan4
抗,kang4
犯,fan4
追,zhui1
帮,bang1
宣,xuan1
佛,fo2
岁,sui4
航,hang2
优,you1
怪,guai4
香,xiang1
著,zhu4
田,tian2
铁,tie3
控,kong4
税,shui4
左,zuo3
右,you4
份,fen4
穿,chuan1
艺,yi4
背,bei1
阵,zhen4
草,cao3
脚,jiao3
概,gai4
恶,e3
块,kuai1
顿,dun4
敢,gan3
守,shou3
酒,jiu3
岛,dao3
托,tuo1
央,yang1
户,hu4
烈,lie4
洋,yang2
哥,ge1
索,suo3
胡,hu2
款,kuan3
靠,kao4
评,ping2
版,ban3
宝,bao3
座,zuo4
释,shi4
景,jing3
顾,gu4
弟,di4
登,deng1
货,huo4
互,hu4
付,fu4
伯,bo2
慢,man4
欧,ou1
换,huan4
闻,wen2
危,wei1
忙,mang2
核,he2
暗,an4
姐,jie3
介,jie4
坏,huai4
讨,tao3
丽,li2
良,liang2
序,xu4
升,sheng1
监,jian1
临,lin2
亮,liang4
露,lu4
永,yong3
呼,hu1
味,wei4
野,ye3
架,jia4
域,yu4
沙,sha1
掉,diao4
括,kuo4
舰,jian4
鱼,yu2
杂,za2
误,wu4
湾,wan1
吉,ji2
减,jian3
编,bian1
楚,chu3
肯,ken3
测,ce4
败,bai4
屋,wu1
跑,pao3
梦,meng4
散,san3
温,wen1
困,kun3
剑,jian4
渐,jian1
封,feng1
救,jiu4
贵,gui4
枪,qiang1
缺,que1
楼,lou2
县,xian4
尚,shang4
毫,hao2
移,yi2
娘,niang2
朋,peng2
画,hua4
班,ban1
智,zhi4
亦,yi4
耳,er3
恩,en1
短,duan3
掌,zhang3
恐,kong3
遗,yi2
固,gu4
席,xi2
松,song1
秘,mi4
谢,xie4
鲁,lu3
遇,yu4
康,kang1
虑,lu:4
幸,xing4
均,jun1
销,xiao1
钟,zhong1
诗,shi1
藏,cang2
赶,gan3
剧,ju4
票,piao4
损,sun3
忽,hu1
巨,ju4
炮,pao4
旧,jiu4
端,duan1
探,tan4
湖,hu2
录,lu4
叶,ye4
春,chun1
乡,xiang1
附,fu4
吸,xi1
予,yu2
礼,li3
港,gang3
雨,yu3
呀,ya
板,ban3
庭,ting2
妇,fu4
归,gui1
睛,jing1
饭,fan4
额,e2
含,han2
顺,shun4
输,shu1
摇,yao2
招,zhao1
婚,hun1
脱,tuo1
补,bu3
谓,wei4
督,du1
毒,du2
油,you2
疗,liao2
旅,lu:3
泽,ze2
材,cai2
灭,mie4
逐,zhu2
莫,mo4
笔,bi3
亡,wang2
鲜,xian1
词,ci2
圣,sheng4
择,ze2
寻,xun2
厂,chang3
睡,shui4
博,bo2
勒,le4
烟,yan1
授,shou4
诺,nuo4
伦,lun2
岸,an4
奥,ao4
唐,tang2
卖,mai4
俄,e2
炸,zha2
载,zai3
洛,luo4
健,jian4
堂,tang2
旁,pang2
宫,gong1
喝,he1
借,jie4
君,jun1
禁,jin1
阴,yin1
园,yuan2
谋,mou2
宋,song4
避,bi4
抓,zhua1
荣,rong2
姑,gu1
孙,sun1
逃,tao2
牙,ya2
束,shu4
跳,tiao4
顶,ding3
玉,yu4
镇,zhen4
雪,xue3
午,wu3
练,lian4
迫,po4
爷,ye2
篇,pian1
肉,rou4
嘴,zui3
馆,guan3
遍,bian4
凡,fan2
础,chu3
洞,dong4
卷,juan3
坦,tan3
牛,niu2
宁,ning2
纸,zhi3
诸,zhu1
训,xun4
私,si1
庄,zhuang1
祖,zu3
丝,si1
翻,fan1
暴,bao4
森,sen1
塔,ta3
默,mo4
握,wo4
戏,xi4
隐,yin3
熟,shu2
骨,gu3
访,fang3
弱,ruo4
蒙,meng1
歌,ge1
店,dian4
鬼,gui3
软,ruan3
典,dian3
欲,yu4
萨,sa4
伙,huo3
遭,zao1
盘,pan2
爸,ba4
扩,kuo4
盖,gai4
弄,long4
雄,xiong2
稳,wen3
忘,wang4
亿,yi4
刺,ci4
拥,yong1
徒,tu2
姆,mu3
杨,yang2
齐,qi2
赛,sai4
趣,qu4
曲,qu1
刀,dao1
床,chuang2
迎,ying2
冰,bing1
虚,xu1
玩,wan2
析,xi1
窗,chuang1
醒,xing3
妻,qi1
透,tou4
购,gou4
替,ti4
塞,sai1
努,nu3
休,xiu1
虎,hu3
扬,yang2
途,tu2
侵,qin1
刑,xing2
绿,lu:4
兄,xiong1
迅,xun4
套,tao4
贸,mao4
毕,bi4
唯,wei2
谷,gu3
轮,lun2
库,ku4
迹,ji1
尤,you2
竞,jing4
街,jie1
促,cu4
延,yan2
震,zhen4
弃,qi4
甲,jia3
伟,wei3
麻,ma2
川,chuan1
申,shen1
缓,huan3
潜,qian2
闪,shan3
售,shou4
灯,deng1
针,zhen1
哲,zhe2
络,lao4
抵,di3
朱,zhu1
埃,ai1
抱,bao4
鼓,gu3
植,zhi2
纯,chun2
夏,xia4
忍,ren3
页,ye4
杰,jie2
筑,zhu2
折,she2
郑,zheng4
贝,bei4
尊,zun1
吴,wu2
秀,xiu4
混,hun2
臣,chen2
雅,ya3
振,zhen4
染,ran3
盛,cheng2
怒,nu4
舞,wu3
圆,yuan2
搞,gao3
狂,kuang2
措,cuo4
姓,xing4
残,can2
秋,qiu1
培,pei2
迷,mi2
诚,cheng2
宽,kuan1
宇,yu3
猛,meng3
摆,bai3
梅,mei2
毁,hui3
伸,shen1
摩,mo2
盟,meng2
末,mo4
乃,nai3
悲,bei1
拍,pai1
丁,ding1
赵,zhao4
硬,ying4
麦,mai4
蒋,jiang3
操,cao1
耶,ye1
阻,zu3
订,ding4
彩,cai3
抽,chou1
赞,zan4
魔,mo2
纷,fen1
沿,yan2
喊,han3
违,wei2
妹,mei4
浪,lang4
汇,hui4
币,bi4
丰,feng1
蓝,la
殊,shu1
献,xian4
桌,zhuo1
啦,la1
瓦,wa3
莱,lai2
援,yuan2
译,yi4
夺,duo2
汽,qi4
烧,shao1
距,ju4
裁,cai2
偏,pian1
符,fu2
勇,yong3
触,chu4
课,ke4
敬,jing4
哭,ku1
懂,dong3
墙,qiang2
袭,xi2
召,shao4
罚,fa2
侠,xia2
厅,ting1
拜,bai4
巧,qiao3
侧,ce4
韩,han2
冒,mao4
债,zhai4
曼,man4
融,rong2
惯,guan4
享,xiang3
戴,dai4
童,tong2
犹,you2
乘,cheng2
挂,gua4
奖,jiang3
绍,shao4
厚,hou4
纵,zong1
障,zhang4
讯,xun4
涉,she4
彻,che4
刊,kan1
丈,zhang4
爆,bao4
乌,wu1
役,yi4
描,miao2
洗,xi3
玛,ma3
患,huan4
妙,miao4
镜,jing4
唱,chang4
烦,fan2
签,qian1
仙,xian1
彼,bi3
弗,fu2
症,zheng1
仿,fang3
倾,qing1
牌,pai2
陷,xian4
鸟,niao3
轰,hong1
咱,za2
菜,cai4
闭,bi4
奋,fen4
庆,qing4
撤,che4
泪,lei4
茶,cha2
疾,ji2
缘,yuan2
播,bo1
朗,lang3
杜,du4
奶,nai3
季,ji4
丹,dan1
狗,gou3
尾,wei3
仪,yi2
偷,tou1
奔,ben1
珠,zhu1
虫,chong2
驻,zhu4
孔,kong3
宜,yi2
艾,ai4
桥,qiao2
淡,dan4
翼,yi4
恨,hen4
繁,fan2
寒,han2
伴,ban4
叹,tan4
旦,dan4
愈,yu4
潮,chao2
粮,liang2
缩,suo1
罢,ba4
聚,ju4
径,jing4
恰,qia4
挑,tiao1
袋,dai4
灰,hui1
捕,bu3
徐,xu2
珍,zhen1
幕,mu4
映,ying4
裂,lie4
泰,tai4
隔,ge2
启,qi3
尖,jian1
忠,zhong1
累,lei2
炎,yan2
暂,zan4
估,gu1
泛,fan4
荒,huang1
偿,chang2
横,heng2
拒,ju4
瑞,rui4
忆,yi4
孤,gu1
鼻,bi2
闹,nao4
羊,yang2
呆,dai1
厉,li4
衡,heng2
胞,bao1
零,ling2
穷,qiong2
舍,she3
码,ma3
赫,he4
婆,po2
魂,hun2
灾,zai1
洪,hong2
腿,tui3
胆,dan3
津,jin1
俗,su2
辩,bian4
胸,xiong1
晓,xiao3
劲,jin4
贫,pin2
仁,ren2
偶,ou3
辑,ji2
邦,bang1
恢,hui1
赖,lai4
圈,juan1
摸,mo1
仰,yang3
润,run4
堆,dui1
碰,peng4
艇,ting3
稍,shao1
迟,chi2
辆,liang4
废,fei4
净,jing4
凶,xiong1
署,shu3
壁,bi4
御,yu4
奉,feng4
旋,xuan2
冬,dong1
矿,kuang4
抬,tai2
蛋,dan4
晨,chen2
伏,fu2
吹,chui1
鸡,ji1
倍,bei4
糊,hu2
秦,qin2
盾,dun4
杯,bei1
租,zu1
骑,qi2
乏,fa2
隆,long1
诊,zhen3
奴,nu2
摄,she4
丧,sang1
污,wu1
渡,du4
旗,qi2
甘,gan1
耐,nai4
凭,ping2
扎,za1
抢,qiang1
绪,xu4
粗,cu1
肩,jian1
梁,liang2
幻,huan4
菲,fei1
皆,jie1
碎,sui4
宙,zhou4
叔,shu1
岩,yan2
荡,dang4
综,zong1
爬,pa2
荷,he2
悉,xi1
蒂,di4
返,fan3
井,jing3
壮,zhuang4
薄,bo2
悄,qiao3
扫,sao3
敏,min3
碍,ai4
殖,zhi2
详,xiang2
迪,di2
矛,mao2
霍,huo4
允,yun3
幅,fu2
撒,sa1
剩,sheng4
凯,kai3
颗,ke1
骂,ma4
赏,shang3
液,ye4
番,fan1
箱,xiang1
贴,tie1
漫,man4
酸,suan1
郎,lang2
腰,yao1
舒,shu1
眉,mei2
忧,you1
浮,fu2
辛,xin1
恋,lian4
餐,can1
吓,xia4
挺,ting3
励,li4
辞,ci2
艘,sao1
键,jian4
伍,wu3
峰,feng1
尺,chi3
昨,zuo2
黎,li2
辈,bei4
贯,guan4
侦,zhen1
滑,gu3
券,quan4
崇,chong2
扰,rao3
宪,xian4
绕,rao4
趋,qu1
慈,ci2
乔,qiao2
阅,yue4
汗,han4
枝,zhi1
拖,tuo1
墨,mo4
胁,xie2
插,cha1
箭,jian4
腊,la4
粉,fen3
泥,ni2
氏,shi4
彭,peng2
拔,ba2
骗,pian4
凤,feng4
慧,hui4
媒,mei2
佩,pei4
愤,fen4
扑,pu1
龄,ling2
驱,qu1
惜,xi1
豪,hao2
掩,yan3
兼,jian1
跃,yue4
尸,shi1
肃,su4
帕,pa4
驶,shi3
堡,bao3
届,jie4
欣,xin1
惠,hui4
册,ce4
储,chu3
飘,piao1
桑,sang1
闲,xian2
惨,can3
洁,jie2
踪,zong1
勃,bo2
宾,bin1
频,pin2
仇,chou2
磨,mo2
递,di4
邪,xie2
撞,zhuang4
拟,ni3
滚,gun3
奏,zou4
巡,xun2
颜,yan2
剂,ji4
绩,ji1
贡,gong4
疯,feng1
坡,po1
瞧,qiao2
截,jie2
燃,ran2
焦,jiao1
殿,dian4
伪,wei3
柳,liu3
锁,suo3
逼,bi1
颇,po1
昏,hun1
劝,quan4
呈,cheng2
搜,sou1
勤,qin2
戒,jie4
驾,jia4
漂,piao1
饮,yin3
曹,cao2
朵,duo3
仔,zi1
柔,rou2
俩,lia3
孟,meng4
腐,fu3
幼,you4
践,jian4
籍,ji2
牧,mu4
凉,liang2
牲,sheng1
佳,jia1
娜,nuo2
浓,nong2
芳,fang1
稿,gao3
竹,zhu2
腹,fu4
跌,die1
逻,luo2
垂,chui2
遵,zun1
脉,mai4
貌,mao4
柏,bai3
狱,yu4
猜,cai1
怜,lian2
惑,huo4
陶,tao2
兽,shou4
帐,zhang4
饰,shi4
贷,dai4
昌,chang1
叙,xu4
躺,tang3
钢,gang1
沟,gou1
寄,ji4
扶,fu2
铺,pu1
邓,deng4
寿,shou4
惧,ju4
询,xun2
汤,tang1
盗,dao4
肥,fei2
尝,chang2
匆,cong1
辉,hui1
奈,nai4
扣,kou4
廷,ting2
澳,ao4
嘛,ma
董,dong3
迁,qian1
凝,ning2
慰,wei4
厌,yan4
脏,zang1
腾,teng2
幽,you1
怨,yuan4
鞋,xie2
丢,diu1
埋,mai2
泉,quan2
涌,yong3
辖,xia2
躲,duo3
晋,jin4
紫,zi3
艰,jian1
魏,wei4
吾,wu2
慌,huang1
祝,zhu4
邮,you2
吐,tu3
狠,hen3
鉴,jian4
曰,yue1
械,xie4
咬,yao3
邻,lin2
赤,chi4
挤,ji3
弯,wan1
椅,yi3
陪,pei2
割,ge1
揭,jie1
韦,wei2
悟,wu4
聪,cong1
雾,wu4
锋,feng1
梯,ti1
猫,mao1
祥,xiang2
阔,kuo4
誉,yu4
筹,chou2
丛,cong2
牵,qian1
鸣,ming2
沈,chen2
阁,ge2
穆,mu4
屈,qu1
旨,zhi3
袖,xiu4
猎,lie4
臂,bi4
蛇,she2
贺,he4
柱,zhu4
抛,pao1
鼠,shu3
瑟,se4
戈,ge1
牢,lao2
逊,xun4
迈,mai4
欺,qi1
吨,dun1
琴,qin2
衰,cui1
瓶,ping2
恼,nao3
燕,yan1
仲,zhong4
诱,you4
狼,lang2
池,chi2
疼,teng2
卢,lu2
仗,zhang4
冠,guan1
粒,li4
遥,yao2
吕,lu:3
玄,xuan2
尘,chen2
冯,feng2
抚,fu3
浅,jian1
敦,dun1
纠,jiu1
钻,zuan1
晶,jing1
岂,qi3
峡,xia2
苍,cang1
喷,pen1
耗,hao4
凌,ling2
敲,qiao1
菌,jun1
赔,pei2
涂,tu2
粹,cui4
扁,bian3
亏,kui1
寂,ji4
煤,mei2
熊,xiong2
恭,gong1
湿,shi1
循,xun2
暖,nuan3
糖,tang2
赋,fu4
抑,yi4
秩,zhi4
帽,mao4
哀,ai1
宿,su4
踏,ta4
烂,lan4
袁,yuan2
侯,hou2
抖,dou3
夹,jia1
昆,kun1
肝,gan1
擦,ca1
猪,zhu1
炼,lian4
恒,heng2
慎,shen4
搬,ban1
纽,niu3
纹,wen2
玻,bo1
渔,yu2
磁,ci2
铜,tong2
齿,chi3
跨,kua4
押,ya1
怖,bu4
漠,mo4
疲,pi2
叛,pan4
遣,qian3
兹,zi1
祭,ji4
醉,zui4
拳,quan2
弥,mi2
斜,xie2
档,dang4
稀,xi1
捷,jie2
肤,fu1
疫,yi4
肿,zhong3
豆,dou4
削,xiao1
岗,gang3
晃,huang3
吞,tun1
宏,hong2
癌,ai2
肚,du3
隶,li4
履,lu:3
涨,zhang3
耀,yao4
扭,niu3
坛,tan2
拨,bo1
沃,wo4
绘,hui4
伐,fa2
堪,kan1
仆,pu1
郭,guo1
牺,xi1
歼,jian1
墓,mu4
雇,gu4
廉,lian2
契,qi4
拼,pin1
惩,cheng2
捉,zhuo1
覆,fu4
刷,shua1
劫,jie2
嫌,xian2
瓜,gua1
歇,xie1
雕,diao1
闷,men1
乳,ru3
串,chuan4
娃,wa2
缴,jiao3
唤,huan4
赢,ying2
莲,lian2
霸,ba4
桃,tao2
妥,tuo3
瘦,shou4
搭,da1
赴,fu4
岳,yue4
嘉,jia1
舱,cang1
俊,jun4
址,zhi3
庞,pang2
耕,geng1
锐,rui4
缝,feng2
悔,hui3
邀,yao1
玲,ling2
惟,wei2
斥,chi4
宅,zhai2
添,tian1
挖,wa1
呵,a1
讼,song4
氧,yang3
浩,hao4
羽,yu3
斤,jin1
酷,ku4
掠,lue4
妖,yao1
祸,huo4
侍,shi4
乙,yi3
妨,fang2
贪,tan1
挣,zheng1
汪,wang1
尿,sui1
莉,li4
悬,xuan2
唇,chun2
翰,han4
仓,cang1
轨,gui3
枚,mei2
盐,yan2
览,lan3
傅,fu4
帅,shuai4
庙,miao4
芬,fen1
屏,bing3
寺,si4
胖,pang4
璃,li2
愚,yu2
滴,di1
疏,shu1
萧,xiao1
姿,zi1
颤,zhan4
丑,chou3
劣,lie4
柯,ke1
寸,cun4
扔,reng1
盯,ding1
辱,ru3
匹,pi1
俱,ju1
辨,bian4
饿,e4
蜂,feng1
哦,e2
腔,qiang1
郁,yu4
溃,kui4
谨,jin3
糟,zao1
葛,ge2
苗,miao2
肠,chang2
忌,ji4
溜,liu1
鸿,hong2
爵,jue2
鹏,peng2
鹰,ying1
笼,long2
丘,qiu1
桂,gui4
滋,zi1
聊,liao2
挡,dang3
纲,gang1
肌,ji1
茨,ci2
壳,ke2
痕,hen2
碗,wan3
穴,xue2
膀,bang3
卓,zhuo2
贤,xian2
卧,wo4
膜,mo2
毅,yi4
锦,jin3
欠,qian4
哩,li1
函,han2
茫,mang2
昂,ang2
薛,xue1
皱,zhou4
夸,kua1
豫,yu4
胃,wei4
舌,she2
剥,bo1
傲,ao4
拾,shi2
窝,wo1
睁,zheng1
携,xie2
陵,ling2
哼,heng1
棉,mian2
晴,qing2
铃,ling2
填,tian2
饲,si4
渴,ke3
吻,wen3
扮,ban4
逆,ni4
脆,cui4
喘,chuan3
罩,zhao4
卜,bo
炉,lu2
柴,chai2
愉,yu2
绳,sheng2
胎,tai1
蓄,xu4
眠,mian2
竭,jie2
喂,wei4
傻,sha3
慕,mu4
浑,hun2
奸,jian1
扇,shan1
柜,gui4
悦,yue4
拦,lan2
诞,dan4
饱,bao3
乾,gan1
泡,pao1
贼,zei2
亭,ting2
夕,xi1
爹,die1
酬,chou2
儒,ru2
姻,yin1
卵,luan3
氛,fen1
泄,xie4
杆,gan1
挨,ai1
僧,seng1
蜜,mi4
吟,yin2
猩,xing1
遂,sui4
狭,xia2
肖,xiao4
甜,tian2
霞,xia2
驳,bo2
裕,yu4
顽,wan2
於,yu1
摘,zhai1
矮,ai3
秒,miao3
卿,qing1
畜,chu4
咽,yan1
披,pi1
辅,fu3
勾,gou1
盆,pen2
疆,jiang1
赌,du3
塑,su4
畏,wei4
吵,chao3
囊,nang2
嗯,en1
泊,bo2
肺,fei4
骤,zhou4
缠,chan2
冈,gang1
羞,xiu1
瞪,deng4
吊,diao4
贾,gu3
漏,lou4
斑,ban1
涛,tao1
悠,you1
鹿,lu4
俘,fu2
锡,xi2
卑,bei1
葬,zang4
铭,ming2
滩,tan1
嫁,jia4
催,cui1
璇,xuan2
翅,chi4
盒,he2
蛮,man2
矣,yi3
潘,pan1
歧,qi2
赐,ci4
鲍,bao4
锅,guo1
廊,lang2
拆,chai1
灌,guan4
勉,mian3
盲,mang2
宰,zai3
佐,zuo3
啥,sha2
胀,zhang4
扯,che3
禧,xi3
辽,liao2
抹,mo3
筒,tong3
棋,qi2
裤,ku4
唉,ai1
朴,po4
咐,fu4
孕,yun4
誓,shi4
喉,hou2
妄,wang4
拘,ju1
链,lian4
驰,chi2
栏,lan2
逝,shi4
窃,qie4
艳,yan4
臭,chou4
纤,qian4
玑,ji1
棵,ke1
趁,chen4
匠,jiang4
盈,ying2
翁,weng1
愁,chou2
瞬,shun4
婴,ying1
孝,xiao4
颈,jing3
倘,tang3
浙,zhe4
谅,liang4
蔽,bi4
畅,chang4
赠,zeng4
妮,ni1
莎,sha1
尉,wei4
冻,dong4
跪,gui4
闯,chuang3
葡,pu2
後,hou4
厨,chu2
鸭,ya1
颠,dian1
遮,zhe1
谊,yi4
圳,zhen4
吁,xu1
仑,lun2
辟,bi4
瘤,liu2
嫂,sao3
陀,tuo2
框,kuang4
谭,tan2
亨,heng1
钦,qin1
庸,yong1
歉,qian4
芝,zhi1
吼,hou3
甫,fu3
衫,shan1
摊,tan1
宴,yan4
嘱,zhu3
衷,zhong1
娇,jiao1
陕,shan3
矩,ju3
浦,pu3
讶,ya4
耸,song3
裸,luo3
碧,bi4
摧,cui1
薪,xin1
淋,lin4
耻,chi3
胶,jiao1
屠,tu2
鹅,e2
饥,ji1
盼,pan4
脖,bo2
虹,hong2
翠,cui4
崩,beng1
账,zhang4
萍,ping2
逢,feng2
赚,zhuan4
撑,cheng1
翔,xiang2
倡,chang4
绵,mian2
猴,hou2
枯,ku1
巫,wu1
昭,zhao1
怔,zheng1
渊,yuan1
凑,cou4
溪,qi1
蠢,chun3
禅,chan2
阐,chan3
旺,wang4
寓,yu4
藤,teng2
匪,fei3
伞,san3
碑,bei1
挪,nuo2
琼,qiong2
脂,zhi1
谎,huang3
慨,kai3
菩,pu2
萄,tao2
狮,shi1
掘,jue2
抄,chao1
岭,ling3
晕,yun1
逮,dai3
砍,kan3
掏,tao1
狄,di2
晰,xi1
罕,han3
挽,wan3
脾,pi2
舟,zhou1
痴,chi1
蔡,cai4
剪,jian3
脊,ji3
弓,gong1
懒,lan3
叉,cha1
拐,guai3
喃,nan2
僚,liao2
捐,juan1
姊,zi3
骚,sao1
拓,ta4
歪,wai1
粘,nian2
柄,bing3
坑,keng1
陌,mo4
窄,zhai3
湘,xiang1
兆,zhao4
崖,yai2
骄,jiao1
刹,cha4
鞭,bian1
芒,mang2
筋,jin1
聘,pin4
钩,gou1
棍,gun4
嚷,rang3
腺,xian4
弦,xian2
焰,yan4
耍,shua3
俯,fu3
厘,li2
愣,leng4
厦,sha4
恳,ken3
饶,rao2
钉,ding1
寡,gua3
憾,han4
摔,shuai1
叠,die2
惹,re3
喻,yu4
谱,pu3
愧,kui4
煌,huang2
徽,hui1
溶,rong2
坠,zhui4
煞,sha1
巾,jin1
滥,lan4
洒,sa3
堵,du3
瓷,ci2
咒,zhou4
姨,yi2
棒,bang4
郡,jun4
浴,yu4
媚,mei4
稣,su1
淮,huai2
哎,ai1
屁,pi4
漆,qi1
淫,yin2
巢,chao2
吩,fen1
撰,zhuan4
啸,xiao4
滞,zhi4
玫,mei2
硕,shuo4
钓,diao4
蝶,die2
膝,xi1
姚,yao2
茂,mao4
躯,qu1
吏,li4
猿,yuan2
寨,zhai4
恕,shu4
渠,qu2
戚,qi1
辰,chen2
舶,bo2
颁,ban1
惶,huang2
狐,hu2
讽,feng4
笨,ben4
袍,pao2
嘲,chao2
啡,fei1
泼,po1
衔,xian2
倦,juan4
涵,han2
雀,qiao1
旬,xun2
僵,jiang1
撕,si1
肢,zhi1
垄,long3
夷,yi2
逸,yi4
茅,mao2
侨,qiao2
舆,yu2
窑,yao2
涅,nie4
蒲,pu2
谦,qian1
杭,hang2
噢,o1
弊,bi4
勋,xun1
刮,gua1
郊,jiao1
凄,qi1
捧,peng3
浸,jin4
砖,zhuan1
鼎,ding3
篮,lan2
蒸,zheng1
饼,bing3
亩,mu3
肾,shen4
陡,dou3
爪,zhua3
兔,tu4
殷,yan1
贞,zhen1
荐,jian4
哑,ya1
炭,tan4
坟,fen2
眨,zha3
搏,bo2
咳,hai1
拢,long3
舅,jiu4
昧,mei4
擅,shan4
爽,shuang3
咖,ka1
搁,ge1
禄,lu4
雌,ci2
哨,shao4
巩,gong3
绢,juan4
螺,luo2
裹,guo3
昔,xi1
轩,xuan1
谬,miu4
谍,die2
龟,gui1
媳,xi2
姜,jiang1
瞎,xia1
冤,yuan1
鸦,ya1
蓬,peng2
巷,xiang4
琳,lin2
栽,zai1
沾,zhan1
诈,zha4
斋,zhai1
瞒,man2
彪,biao1
厄,e4
咨,zi1
纺,fang3
罐,guan4
桶,tong3
壤,rang3
糕,gao1
颂,song4
膨,peng2
谐,xie2
垒,lei3
咕,gu1
隙,xi4
辣,la4
绑,bang3
宠,chong3
嘿,hei1
兑,dui4
霉,mei2
挫,cuo4
稽,ji1
辐,fu2
乞,qi3
纱,sha1
裙,qun2
嘻,xi1
哇,wa1
绣,xiu4
杖,zhang4
塘,tang2
衍,yan3
轴,zhou2
攀,pan1
膊,bo2
譬,pi4
斌,bin1
祈,qi2
踢,ti1
肆,si4
坎,kan3
轿,jiao4
棚,peng2
泣,qi4
屡,lu:3
躁,zao4
邱,qiu1
凰,huang2
溢,yi4
椎,chui2
砸,za2
趟,tang4
帘,lian2
帆,fan1
栖,qi1
窜,cuan4
丸,wan2
斩,zhan3
堤,di1
塌,ta1
贩,fan4
厢,xiang1
掀,xian1
喀,ka1
乖,guai1
谜,mi2
捏,nie1
阎,yan2
滨,bin1
虏,lu3
匙,chi2
芦,lu2
苹,pin2
卸,xie4
沼,zhao3
钥,yao4
株,zhu1
祷,dao3
剖,pou1
熙,xi1
哗,hua1
劈,pi1
怯,qie4
棠,tang2
胳,ge1
桩,zhuang1
瑰,gui1
娱,yu2
娶,qu3
沫,mo4
嗓,sang3
蹲,dun1
焚,fen2
淘,tao2
嫩,nen4
韵,yun4
衬,chen4
匈,xiong1
钧,jun1
竖,shu4
峻,jun4
豹,bao4
捞,lao1
菊,ju2
鄙,bi3
魄,po4
兜,dou1
哄,hong1
颖,ying3
镑,bang4
屑,xie4
蚁,yi3
壶,hu2
怡,yi2
渗,shen4
秃,tu1
迦,jia1
旱,han4
哟,yo
咸,xian2
焉,yan1
谴,qian3
宛,wan3
稻,dao4
铸,zhu4
锻,duan4
伽,qie2
詹,zhan1
毙,bi4
恍,huang3
贬,bian3
烛,zhu2
骇,hai4
芯,xin1
汁,zhi1
桓,huan2
坊,fang1
驴,lu:2
朽,xiu3
靖,jing4
佣,yong1
汝,ru3
碌,lu4
迄,qi4
冀,ji4
荆,jing1
崔,cui1
雁,yan4
绅,shen1
珊,shan1
榜,bang3
诵,song4
傍,bang1
彦,yan4
醇,chun2
笛,di2
禽,qin2
勿,wu4
娟,juan1
瞄,miao2
幢,chuang2
寇,kou4
睹,du3
贿,hui4
踩,cai3
霆,ting2
呜,wu1
拱,gong3
妃,fei1
蔑,mie4
谕,yu4
缚,fu2
诡,gui3
篷,peng2
淹,yan1
腕,wan4
煮,zhu3
倩,qian4
卒,cu4
勘,kan1
馨,xin1
逗,dou4
甸,dian4
贱,jian4
炒,chao3
灿,can4
敞,chang3
蜡,la4
囚,qiu2
栗,li4
辜,gu1
垫,dian4
妒,du4
魁,kui2
谣,yao2
寞,mo4
蜀,shu3
甩,shuai3
涯,ya2
枕,zhen3
丐,gai4
泳,yong3
奎,kui2
泌,bi4
逾,yu2
叮,ding1
黛,dai4
燥,zao4
掷,zhi4
藉,ji2
枢,shu1
憎,zeng1
鲸,jing1
弘,hong2
倚,yi3
侮,wu3
藩,fan1
拂,fu2
鹤,he4
蚀,shi2
浆,jiang1
芙,fu2
垃,la1
烤,kao3
晒,shai4
霜,shuang1
剿,chao1
蕴,yun4
圾,ji1
绸,chou2
屿,yu3
氢,qing1
驼,tuo2
妆,zhuang1
捆,kun3
铅,qian1
逛,guang4
淑,shu1
榴,liu2
丙,bing3
痒,yang3
钞,chao1
蹄,ti2
犬,quan3
躬,gong1
昼,zhou4
藻,zao3
蛛,zhu1
褐,he4
颊,jia2
奠,dian4
募,mu4
耽,dan1
蹈,dao3
陋,lou4
侣,lu:3
魅,mei4
岚,lan2
侄,zhi2
虐,nue4
堕,duo4
陛,bi4
莹,ying2
荫,yin4
狡,jiao3
阀,fa2
绞,jiao3
膏,gao1
垮,kua3
茎,jing1
缅,mian3
喇,la1
绒,rong2
搅,jiao3
凳,deng4
梭,suo1
丫,ya1
姬,ji1
诏,zhao4
钮,niu3
棺,guan1
耿,geng3
缔,di4
懈,xie4
嫉,ji2
灶,zao4
匀,yun2
嗣,si4
鸽,ge1
澡,zao3
凿,zao2
纬,wei3
沸,fei4
畴,chou2
刃,ren4
遏,e4
烁,shuo4
嗅,xiu4
叭,ba1
熬,ao1
瞥,pie1
骸,hai2
奢,she1
拙,zhuo2
栋,dong4
毯,tan3
桐,tong2
砂,sha1
莽,mang3
泻,xie4
坪,ping2
梳,shu1
杉,sha1
晤,wu4
稚,zhi4
蔬,shu1
蝇,ying2
捣,dao3
顷,qing3
麽,mo2
尴,gan1
镖,biao1
诧,cha4
尬,ga4
硫,liu2
嚼,jiao2
羡,xian4
沦,lun2
沪,hu4
旷,kuang4
彬,bin1
芽,ya2
狸,li2
冥,ming2
碳,tan4
咧,lie1
惕,ti4
暑,shu3
咯,ge1
萝,luo2
汹,xiong1
腥,xing1
窥,kui1
俺,an3
潭,tan2
崎,qi2
麟,lin2
捡,jian3
拯,zheng3
厥,jue2
澄,cheng2
萎,wei1
哉,zai1
涡,guo1
滔,tao1
暇,xia2
溯,su4
鳞,lin2
酿,niang4
茵,yin1
愕,e4
瞅,chou3
暮,mu4
衙,ya2
诫,jie4
斧,fu3
兮,xi1
焕,huan4
棕,zong1
佑,you4
嘶,si1
妓,ji4
喧,xuan1
蓉,rong2
删,shan1
樱,ying1
伺,ci4
嗡,weng1
娥,e2
梢,shao1
坝,ba4
蚕,can2
敷,fu1
澜,lan2
杏,xing4
绥,sui2
冶,ye3
庇,bi4
挠,nao2
搂,lou1
倏,shu1
聂,nie4
婉,wan3
噪,zao4
稼,jia4
鳍,qi2
菱,ling2
盏,zhan3
匿,ni4
吱,zi1
寝,qin3
揽,lan3
髓,sui3
秉,bing3
哺,bu1
矢,shi3
啪,pa1
帜,zhi4
邵,shao4
嗽,sou4
挟,jia1
缸,gang1
揉,rou2
腻,ni4
驯,xun2
缆,lan4
晌,shang3
瘫,tan1
贮,zhu4
觅,mi4
朦,meng2
僻,pi4
隋,sui2
蔓,man2
咋,ze2
嵌,qian4
虔,qian2
畔,pan4
琐,suo3
碟,die2
涩,se4
胧,long2
嘟,du1
蹦,beng4
冢,zhong3
浏,liu2
裔,yi4
襟,jin1
叨,dao1
诀,jue2
旭,xu4
虾,xia1
簿,bu4
啤,pi2
擒,qin2
枣,zao3
嘎,ga2
苑,yuan4
牟,mou2
呕,ou3
骆,luo4
凸,tu1
熄,xi1
兀,wu4
喔,o1
裳,chang2
凹,ao1
赎,shu2
屯,tun2
膛,tang2
浇,jiao1
灼,zhuo2
裘,qiu2
砰,peng1
棘,ji2
橡,xiang4
碱,jian3
聋,long2
姥,lao3
瑜,yu2
毋,wu2
娅,ya4
沮,ju3
萌,meng2
俏,qiao4
黯,an4
撇,pie1
粟,su4
粪,fen4
尹,yin3
苟,gou3
癫,dian1
蚂,ma1
禹,yu3
廖,liao4
俭,jian3
帖,tie1
煎,jian1
缕,lu:3
窦,dou4
簇,cu4
棱,leng2
叩,kou4
呐,na4
瑶,yao2
墅,shu4
莺,ying1
烫,tang4
蛙,wa1
歹,dai3
伶,ling2
葱,cong1
哮,xiao1
眩,xuan4
坤,kun1
廓,kuo4
讳,hui4
啼,ti2
乍,zha4
瓣,ban4
矫,jiao3
跋,ba2
枉,wang3
梗,geng3
厕,ce4
琢,zhuo2
讥,ji1
釉,you4
窟,ku1
敛,lian3
轼,shi4
庐,lu2
胚,pei1
呻,shen1
绰,chuo4
扼,e4
懿,yi4
炯,jiong3
竿,gan1
慷,kang1
虞,yu2
锤,chui2
栓,shuan1
桨,jiang3
蚊,wen2
磅,bang4
孽,nie4
惭,can2
戳,chuo1
禀,bing3
鄂,e4
馈,kui4
垣,yuan2
溅,jian4
咚,dong1
钙,gai4
礁,jiao1
彰,zhang1
豁,hua2
眯,mi1
磷,lin2
雯,wen2
墟,xu1
迂,yu1
瞻,zhan1
颅,lu2
琉,liu2
悼,dao4
蝴,hu2
拣,jian3
渺,miao3
眷,juan4
悯,min3
汰,tai4
慑,she4
婶,shen3
斐,fei3
嘘,xu1
镶,xiang1
炕,kang4
宦,huan4
趴,pa1
绷,beng1
窘,jiong3
襄,xiang1
珀,po4
嚣,xiao1
拚,pan4
酌,zhuo2
浊,zhuo2
毓,yu4
撼,han4
嗜,shi4
扛,gang1
峭,qiao4
磕,ke1
翘,qiao2
槽,cao2
淌,tang3
栅,zha4
颓,tui2
熏,xun1
瑛,ying1
颐,yi2
忖,cun3
牡,mu3
缀,zhui4
徊,huai2
梨,li2
肪,fang2
涕,ti4
惫,bei4
摹,mo2
踱,duo2
肘,zhou3
熔,rong2
挚,zhi4
氯,lu:4
凛,lin3
绎,yi4
庶,shu4
脯,fu3
迭,die2
睦,mu4
窍,qiao4
粥,zhou1
庵,an1
沧,cang1
怠,dai4
沁,qin4
奕,yi4
咙,long2
氨,an1
矗,chu4
盔,kui1
拇,mu3
沛,pei4
榻,ta4
揣,chuai1
崭,zhan3
鞘,qiao4
鞠,ju1
垦,ken3
洽,qia4
唾,tuo4
橱,chu2
仕,shi4
蜘,zhi1
痰,tan2
袜,wa4
峙,zhi4
柬,jian3
蝉,chan2
蟹,xie4
谏,jian4
鹃,juan1
擎,qing2
皓,hao4
朕,zhen4
疤,ba1
禺,yu2
铲,chan3
酶,mei2
钝,dun4
氓,mang2
匣,xia2
弧,hu2
峨,e2
锥,zhui1
揪,jiu1
杠,gang1
吭,hang2
崛,jue2
诬,wu1
冉,ran3
抒,shu1
庚,geng1
悍,han4
靡,mi2
晦,hui4
醋,cu4
壕,hao2
锯,ju1
夭,yao1
咦,yi2
侈,chi3
婢,bi4
猾,hua2
徘,pai2
硝,xiao1
煽,shan1
皂,zao4
舵,duo4
嗦,suo1
狈,bei4
靴,xue1
捂,wu3
疮,chuang1
郝,hao3
苛,ke1
秽,hui4
茜,qian4
搓,cuo1
芸,yun2
酱,jiang4
赁,lin4
檐,yan2
饷,xiang3
蕉,jiao1
铀,you2
苔,tai1
赦,she4
缎,duan4
舷,xian2
筷,kuai4
朔,shuo4
婪,lan2
紊,wen3
厮,si1
婿,xu4
寥,liao2
兢,jing1
糙,cao1
卦,gua4
槐,huai2
扒,ba1
裴,pei2
祀,si4
埔,pu3
絮,xu4
芭,ba1
屉,ti4
痪,huan4
霄,xiao1
绽,zhan4
宵,xiao1
邑,yi4
霖,lin2
岔,cha4
饵,er3
茄,qie2
韧,ren4
琪,qi2
邹,zou1
瑚,hu2
憋,bie1
殆,dai4
噜,lu1
忒,te4
忿,fen4
衅,xin4
淳,chun2
悖,bei4
髦,mao2
孜,zi1
粤,yue4
隘,ai4
濒,bin1
铮,zheng1
畸,ji1
剔,ti1
坞,wu4
篱,li2
淀,dian4
蓦,mo4
唬,hu3
锣,luo2
汀,ting1
趾,zhi3
缉,qi1
嫦,chang2
斟,zhen1
鞍,an1
扳,ban1
拴,shuan1
诅,zu3
谟,mo2
呃,e4
懦,nuo4
逞,cheng3
犁,li2
忏,chan4
拧,ning2
亥,hai4
佟,tong2
叱,chi4
舜,shun4
绊,ban4
龚,gong1
腮,sai1
邸,di3
椒,jiao1
蔚,wei4
湛,zhan4
狩,shou4
眶,kuang4
栈,zhan4
薇,wei1
肮,ang1
瀑,bao4
渣,zha1
褂,gua4
叽,ji1
臀,tun2
妞,niu1
巍,wei1
唔,en2
疚,jiu4
鲤,li3
戎,rong2
肇,zhao4
笃,du3
辙,che4
娴,xian2
阮,ruan3
札,zha2
懊,ao4
焘,dao4
恤,xu4
疹,zhen3
潇,xiao1
铝,lu:3
涤,di2
恃,shi4
喽,lou2
砌,qi4
遁,dun4
楞,leng2
阱,jing3
咎,jiu4
洼,wa1
炳,bing3
噬,shi4
枫,feng1
拷,kao3
哆,duo1
矶,ji1
苇,wei3
翩,pian1
窒,zhi4
侬,nong2
靶,ba3
胰,yi2
芜,wu2
辫,bian4
嚎,hao2
妾,qie4
幌,huang3
踉,liang2
佃,dian4
葫,hu2
皖,wan3
拽,ye4
滤,lu:4
睬,cai3
俞,yu2
匕,bi1
谤,bang4
嗤,chi1
捍,han4
孵,fu1
倪,ni2
瘾,yin3
敝,bi4
匡,kuang1
磋,cuo1
绫,ling2
淆,xiao2
尧,yao2
蕊,rui3
烘,hong1
璋,zhang1
亢,kang4
轧,ya4
赂,lu4
蝗,huang2
榆,yu2
骏,jun4
诛,zhu1
勺,shao2
梵,fan4
炽,chi4
笠,li4
颌,he2
闸,zha2
狒,fei4
樊,fan2
镕,rong2
垢,gou4
瘟,wen1
缪,miao4
菇,gu1
琦,qi2
剃,ti4
迸,beng4
溺,ni4
炫,xuan4
惚,hu1
嗨,hai1
陨,yun3
赃,zang1
羁,ji1
臻,zhen1
嘀,di2
膳,shan4
赣,gan4
踌,chou2
殉,xun4
桔,jie2
瞿,ju4
闽,min3
豚,tun2
掺,chan1
沌,dun4
惰,duo4
喳,cha1
椭,tuo3
咪,mi1
霎,sha4
侃,kan3
猝,cu4
窖,jiao4
戮,lu4
祠,ci2
瞩,zhu3
菁,jing1
躇,chu2
佬,lao3
肋,lei4
咄,duo1
忡,chong1
雍,yong1
忱,chen2
蕾,lei3
跄,qiang1
硅,gui1
伎,ji4
炊,chui1
钊,zhao1
蝠,fu2
屎,shi3
拭,shi4
谛,di4
褪,tun4
丞,cheng2
卉,hui4
隧,sui4
茸,rong2
钳,qian2
啃,ken3
伢,ya2
闺,gui1
舔,tian3
蹬,deng4
挛,luan2
眺,tiao4
袱,fu2
陇,long3
殴,ou1
柿,shi4
梧,wu2
惺,xing1
弛,chi2
侥,jiao3
琛,chen1
捅,tong3
酝,yun4
薯,shu3
曳,ye4
澈,che4
锈,xiu4
稠,chou2
眸,mou2
咆,pao2
簧,huang2
鸥,ou1
疡,yang2
渎,du2
汲,ji2
嬉,xi1
脓,nong2
骡,luo2
穗,sui4
槛,jian4
拎,ling1
巳,si4
邢,xing2
廿,nian4
搀,chan1
曙,shu3
樵,qiao2
隅,yu2
筛,shai1
谒,ye4
倭,wo1
痹,bi4
猖,chang1
佯,yang2
肛,gang1
奚,xi1
甭,beng2
抨,peng1
蛾,e2
唠,lao2
荧,ying2
嵩,song1
漱,shu4
酋,qiu2
攘,rang3
诘,jie2
篡,cuan4
睿,rui4
噩,e4
怅,chang4
盎,ang4
徙,xi3
鞅,yang3
漓,li2
祟,sui4
睫,jie2
攸,you1
翎,ling2
呛,qiang1
筐,kuang1
堑,qian4
檀,tan2
寅,yin2
磊,lei3
驭,yu4
惘,wang3
吠,fei4
驮,duo4
瑙,nao3
炬,ju4
痉,jing4
曝,pu4
恺,kai3
胺,an4
萤,ying2
敕,chi4
筝,zheng1
幡,fan1
霹,pi1
竺,zhu2
烙,lao4
毗,pi2
鸠,jiu1
埠,bu4
蒜,suan4
阜,fu4
嘈,cao2
乒,ping1
帷,wei2
啄,zhuo2
鳌,ao2
毡,zhan1
阙,que1
褥,ru4
搔,sao1
笋,sun3
冕,mian3
狞,ning2
韶,shao2
骼,ge2
蔼,ai3
烹,peng1
奄,yan1
嫖,piao2
沐,mu4
噗,pu1
岑,cen2
蛟,jiao1
掳,lu3
咏,yong3
弩,nu3
捻,nian3
圃,pu3
孚,fu2
悴,cui4
诣,yi4
呱,gu1
祁,qi2
捶,chui2
钠,na4
袄,ao3
澎,peng2
氮,dan4
恪,ke4
雏,chu2
撮,cuo1
堰,yan4
彷,pang2
鹦,ying1
晖,hui1
犀,xi1
腑,fu3
沽,gu1
橄,gan3
掐,qia1
亵,xie4
龋,qu3
嗒,ta4
咀,ju3
祺,qi2
锚,mao2
匾,bian3
乓,pang1
萃,cui4
贻,yi2
揖,yi1
觑,qu4
吝,lin4
憔,qiao2
羌,qiang1
诲,hui4
砾,li4
蠕,ru2
肴,yao2
撩,liao1
坍,tan1
酥,su1
袅,niao3
黝,you3
俾,bi3
嫣,yan1
穹,qiong2
秧,yang1
妊,ren4
溉,gai4
鹊,que4
聿,yu4
疙,ge1
蘑,mo2
睾,gao1
楷,kai3
酵,jiao4
茹,ru2
锌,xin1
滇,dian1
辗,zhan3
纂,zuan3
圭,gui1
幔,man4
褒,bao1
揍,zou4
诽,fei3
倔,jue2
腓,fei2
颉,xie2
锄,chu2
嗔,chen1
磺,huang2
攒,cuan2
瘩,da2
雳,li4
吆,yao1
悚,song3
墩,dun1
彝,yi2
囱,cong1
逍,xiao1
辄,zhe2
桅,wei2
俨,yan3
纶,lun2
悸,ji4
殃,yang1
帧,zheng4
俐,li4
绮,qi3
袒,tan3
籽,zi3
孰,shu2
愫,su4
拌,ban4
橙,cheng2
暨,ji4
敖,ao2
赘,zhui4
抉,jue2
淤,yu1
剌,la2
娼,chang1
顼,xu4
葵,kui2
哝,nong2
酣,han1
麓,lu4
钵,bo1
琅,lang2
簸,bo3
禾,he2
铢,zhu1
璧,bi4
娠,shen1
彗,hui4
惋,wan3
腋,ye4
螂,lang2
阪,ban3
掣,che4
劾,he2
沥,li4
粱,liang2
嚓,cha1
惮,dan4
氖,nai3
捎,shao1
羔,gao1
俟,si4
渲,xuan4
榄,lan3
茧,jian3
霓,ni2
鹉,wu3
胥,xu1
琶,pa2
撬,qiao4
橘,ju2
醫,yi1
拈,nian1
笆,ba1
痊,quan2
亟,ji2
渭,wei4
狙,ju1
珂,ke1
刨,bao4
蜕,tui4
谚,yan4
憧,chong1
瞟,piao3
馒,man2
拗,ao4
帚,zhou3
钗,chai1
哧,chi1
喋,die2
箫,xiao1
刁,diao1
怦,peng1
缭,liao2
迥,jiong3
湄,mei2
磐,pan2
渝,yu2
冗,rong3
闵,min3
噶,ga2
黏,nian2
蕃,fan2
弼,bi4
驿,yi4
淄,zi1
饺,jiao3
踞,ju4
韬,tao1
婷,ting2
唆,suo1
蜒,yan2
偎,wei1
榨,zha4
漉,lu4
碉,diao1
皈,gui1
矜,jin1
笈,ji2
枷,jia1
鲨,sha1
蹑,nie4
瀚,han4
酪,lao4
谑,xue4
癖,pi3
烬,jin4
揩,kai1
炙,zhi4
蜷,quan2
侏,zhu1
凋,diao1
漪,yi1
悻,xing4
蹋,ta4
讪,shan4
搐,chu4
碘,dian3
帛,bo2
诠,quan2
碾,nian3
擂,lei2
苯,ben3
诃,he1
铎,duo2
戊,wu4
荀,xun2
驹,ju1
攫,jue2
憬,jing3
哽,geng3
踵,zhong3
蟒,mang3
漾,yang4
啧,ze2
吮,shun3
楠,nan2
氟,fu2
怂,song3
叼,diao1
竣,jun4
偕,jie1
漩,xuan2
蹭,ceng2
翌,yi4
臆,yi4
挝,zhua1
绚,xuan4
崽,zai3
糜,mi2
瘢,ban1
跤,jiao1
阑,lan2
恬,tian2
豢,huan4
汶,wen4
跷,qiao1
琵,pi2
憨,han1
蜗,wo1
螅,xi1
惴,zhui4
戟,ji3
匮,kui4
恙,yang4
抿,min3
桢,zhen1
笺,jian1
蛤,ge2
瞳,tong2
藥,yao4
瓢,piao2
衹,ti3
秤,cheng3
跺,duo4
潦,lao3
芹,qin2
哒,da1
饬,chi4
栩,xu3
曦,xi1
骷,ku1
嫡,di2
卤,lu3
丕,pi1
鬓,bin4
梓,zi3
嗖,sou1
惦,dian4
浚,jun4
咔,ka1
藐,miao3
荃,quan2
唧,ji1
玺,xi3
汛,xun4
铐,kao4
髅,lou2
渤,bo2
皿,min3
箍,gu1
馅,xian4
汾,fen2
戍,shu4
痔,zhi4
褶,xi2
聆,ling2
涎,xian2
汞,gong3
渍,zi4
奂,huan4
巅,dian1
疣,you2
傩,nuo2
逵,kui2
耆,qi2
蟋,xi1
鳄,e4
讹,e2
膺,ying1
蹿,cuan1
筏,fa2
釜,fu3
沂,yi2
坯,pi1
峦,luan2
茬,cha2
摒,bing4
蟀,shuai4
撵,nian3
浒,hu3
缤,bin1
嵋,mei2
珑,long2
苞,bao1
瑾,jin3
泵,beng4
钾,jia3
暧,ai4
赓,geng1
叟,sou3
佚,yi4
沓,ta4
撂,liao4
蛊,gu3
甥,sheng1
璐,lu4
晏,yan4
瘪,bie3
漳,zhang1
阉,yan1
蹂,rou2
鳃,sai1
琏,lian3
湃,pai4
辘,lu4
僭,jian4
躏,lin4
鼾,han1
懵,meng3
镰,lian2
寐,mei4
褚,chu3
攥,zuan4
涧,jian4
蝙,bian1
脐,qi2
辕,yuan2
涣,huan4
杞,qi3
煜,yu4
骥,ji4
傣,dai3
嗳,ai3
祯,zhen1
酉,you3
秸,jie1
捺,na4
瑕,xia2
鑫,xin1
馋,chan2
窿,long2
楔,xie1
胱,guang1
荔,li4
蟆,ma2
湍,tuan1
屹,yi4
遐,xia2
轲,ke1
镯,zhuo2
缰,jiang1
桦,hua4
炖,dun4
钡,bei4
羚,ling2
啬,se4
诩,xu3
绯,fei1
掖,ye1
箓,lu4
涸,he2
鸳,yuan1
塾,shu2
呸,pei1
抡,lun1
擞,sou3
熹,xi1
坷,ke3
瓮,weng4
亘,gen4
嗟,jie1
筵,yan2
跛,bo3
汕,shan4
欤,yu2
壑,he4
颍,ying3
溥,pu3
姗,shan1
踊,yong3
枭,xiao1
暄,xuan1
稷,ji4
跚,shan1
涟,lian2
瀛,ying2
笙,sheng1
滕,teng2
踝,huai2
贰,er4
瞰,kan4
恻,ce4
嚏,ti4
迢,tiao2
獗,jue2
邯,han2
睑,jian3
赡,shan4
萦,ying2
珥,er3
酮,tong2
璞,pu2
羹,geng1
缄,jian1
晾,liang4
俸,feng4
媲,pi4
鸾,luan2
恿,yong3
蜿,wan1
犊,du2
讷,ne4
扈,hu4
蜈,wu2
翟,di2
藕,ou3
戌,xu1
蓓,bei4
鋆,yun2
谩,man2
谀,yu2
卯,mao3
谙,an1
岐,qi2
蝎,xie1
荼,tu2
镀,du4
椰,ye1
甄,zhen1
蟾,chan2
蹊,xi1
泞,ning4
撸,lu1
螃,pang2
檬,meng2
猓,guo3
蔷,qiang2
羲,xi1
瘸,que2
蘸,zhan4
蔗,zhe4
傀,gui1
蚌,bang4
锢,gu4
遽,ju4
邃,sui4
恚,hui4
皑,ai2
锵,qiang1
簌,su4
焙,bei4
昊,hao4
鹳,guan4
睽,kui2
刽,gui4
鳖,bie1
噎,ye1
呗,bai4
寰,huan2
唷,yo1
殡,bin4
淖,nao4
诰,gao4
恣,zi4
睐,lai4
婵,chan2
榈,lu:2
氦,hai4
靳,jin4
蛹,yong3
鸯,yang1
惬,qie4
蹙,cu4
诙,hui1
眈,dan1
罡,gang1
缮,shan4
胤,yin4
皋,gao1
蛀,zhu4
偌,ruo4
疵,ci1
绛,jiang4
葆,bao3
黔,qian2
喙,hui4
烽,feng1
儡,lei3
佼,jiao3
斓,lan2
嫔,pin2
颚,e4
龈,ken3
盅,zhong1
娓,wei3
坂,ban3
町,ting3
芥,jie4
瘠,ji2
阂,he2
挎,kua4
橇,qiao1
荟,hui4
啜,chuo4
垛,duo3
淇,qi2
瓒,zan4
篓,lou3
虱,shi1
跻,ji1
龛,kan1
蹒,pan2
髯,ran2
瞠,cheng1
痫,xian2
掂,dian1
潼,tong2
酰,xian1
镁,mei3
灸,jiu3
腆,tian3
筱,xiao3
谆,zhun1
骋,cheng3
壬,ren2
茗,ming2
椋,liang2
蛔,hui2
潺,chan2
扉,fei1
耘,yun2
槟,bin1
雹,bao2
甬,yong3
谥,shi4
淞,song1
燎,liao2
蕙,hui4
蚪,dou3
蜻,qing1
郸,dan1
轶,yi4
狰,zheng1
楣,mei2
捋,lu:3
涓,juan1
荪,sun1
娄,lou2
麝,she4
蚤,zao3
薰,xun1
醮,jiao4
搪,tang2
谧,mi4
湮,yan1
辍,chuo4
瞌,ke1
梆,bang1
樟,zhang1
茉,mo4
岖,qu1
臼,jiu4
癣,xuan3
穑,se4
玷,dian4
馍,mo2
呷,xia1
萼,e4
妩,wu3
伫,zhu4
彤,tong2
莓,mei2
岬,jia3
媛,yuan2
惆,chou2
鳎,ta3
啾,jiu1
囔,nang1
蜓,ting2
孺,ru2
徇,xun4
徵,zheng1
焊,han4
岱,dai4
昵,ni4
卅,sa4
飙,biao1
邙,mang2
痞,pi3
隼,sun3
恫,dong4
怆,chuang4
桀,jie2
绶,shou4
裆,dang1
盂,yu2
桧,gui4
蚓,yin3
抠,kou1
嗷,ao2
槌,chui2
痘,dou4
痢,li4
芮,rui4
蚣,gong1
闩,shuan1
铿,keng1
飓,ju4
疱,pao4
蝌,ke1
撅,jue1
蚯,qiu1
斡,wo4
窠,ke1
荚,jia2
耷,da1
砚,yan4
牒,die2
赈,zhen4
煦,xu4
嗫,nie4
耙,ba4
榕,rong2
鞑,da2
袤,mao4
谌,chen2
醺,xun1
秆,gan3
徨,huang2
橹,lu3
翡,fei3
缨,ying1
锹,qiao1
嵇,ji1
圪,ge1
髻,ji4
嗬,he1
辎,zi1
痣,zhi4
娩,mian3
谄,chan3
蛐,qu1
鹞,yao4
翱,ao2
庖,pao2
籁,lai4
蓿,xu
鳗,man2
疟,nue4
鲇,nian2
這,zhe4
嚅,ru2
瘀,yu1
颔,han4
黜,chu4
黠,xia2
濑,lai4
馁,nei3
洵,xun2
忐,tan3
忑,te4
砥,di3
咂,za1
罹,li2
糠,kang1
匝,za1
偃,yan3
淙,cong2
纫,ren4
喏,re3
闾,lu:2
祛,qu1
蛰,zhe2
腼,mian3
涝,lao4
曜,yao4
厩,jiu4
疽,ju1
闰,run4
洄,hui2
煊,xuan1
汐,xi1
藓,xian3
璜,huang2
铬,ge4
經,jing1
渥,wo4
靼,da2
酗,xu4
苓,ling2
噤,jin4
咫,zhi3
椿,chun1
鲫,ji4
锭,ding4
罔,wang3
锺,zhong1
匍,pu2
祗,zhi1
锰,meng3
岌,ji2
馀,yu2
畹,wan3
糯,nuo4
胫,jing4
熠,yi4
銮,luan2
沅,yuan2
棣,di4
旌,jing1
豌,wan1
孢,bao1
镭,lei2
驸,fu4
腌,yan1
盹,dun3
熵,shang1
镐,gao3
馐,xiu1
嘤,ying1
癞,lai4
骰,tou2
韭,jiu3
阖,ge2
瞑,ming2
裨,bi4
宕,dang4
戾,li4
镌,juan1
溟,ming2
牍,du2
隽,jun4
婊,biao3
鹄,gu3
埂,geng3
拄,zhu3
娲,wa1
虬,qiu2
萱,xuan1
啵,bo
蠡,li2
芋,yu4
胭,yan1
豺,chai2
啻,chi4
褛,lu:3
蛆,qu1
柠,ning2
掰,bai1
篆,zhuan4
倌,guan1
咛,ning2
蛭,zhi4
谡,su4
荨,qian2
莞,guan1
澹,dan4
纭,yun2
潞,lu4
郅,zhi4
弋,yi4
飕,sou1
螳,tang2
胄,zhou4
蟑,zhang1
猥,wei3
宓,mi4
昙,tan2
锏,jian3
蟠,pan2
過,guo4
柑,gan1
烯,xi1
匐,fu2
濮,pu2
蟮,shan4
祐,you4
仄,ze4
偈,ji4
蜃,shen4
箴,zhen1
粼,lin2
嗥,hao2
褴,lan2
蕨,jue2
蓟,ji4
圩,wei2
孪,luan2
杳,yao3
魇,yan3
荤,hun1
诿,wei3
簪,zan1
氲,yun1
摞,luo4
飒,sa4
镂,lou4
舀,yao3
夙,su4
臧,zang1
蒿,hao1
貂,diao1
蜥,xi1
蹩,bie2
噼,pi1
钛,tai4
钚,bu4
獾,huan1
濂,lian2
铠,kai3
皙,xi1
霭,ai3
鲈,lu2
叵,po3
霾,mai2
泯,min3
碴,cha2
鸵,tuo2
峪,yu4
饕,tao1
瘁,cui4
睢,sui1
鬃,zong1
迩,er3
纣,zhou4
夔,kui2
垠,yin2
饨,tun2
榭,xie4
隍,huang2
娑,suo1
篝,gou1
榔,lang2
洌,lie4
浜,bang1
鲑,gui1
谔,e4
汩,gu3
浣,huan4
舐,shi4
瞭,liao3
忻,xin1
咻,xiu1
鹑,chun2
唑,zuo4
懋,mao4
皎,jiao3
诒,yi2
麾,hui1
辏,cou4
氐,di1
冽,lie4
箕,ji1
俚,li3
汴,bian4
宸,chen2
芍,shao2
捱,ai2
摈,bin4
摺,zhe2
簦,deng1
箔,bo2
咝,si1
孀,shuang1
怏,yang4
谝,pian3
砧,zhen1
馕,nang2
耄,mao4
罂,ying1
漕,cao2
沣,feng1
栾,luan2
榘,ju3
烷,wan2
榷,que4
俑,yong3
沱,tuo2
缜,zhen3
鹫,jiu4
蛳,si1
剽,piao1
衢,qu2
泗,si4
臊,sao1
瘴,zhang4
酚,fen1
纾,shu1
晁,chao2
孛,bei4
炀,yang2
叁,san1
憩,qi4
掬,ju1
椤,luo2
啮,nie4
畿,ji1
掸,dan3
镣,liao4
骁,xiao1
椽,chuan2
侗,dong4
滦,luan2
荩,jin4
泓,hong2
蚱,zha4
癜,dian4
酯,zhi3
體,ti3
癸,gui3
蚜,ya2
扪,men2
庑,wu3
歆,xin1
蝮,fu4
蹶,jue2
弈,yi4
庋,gui3
喟,kui4
滂,pang1
啕,tao2
蛎,li4
獭,ta3
槁,gao3
翊,yi4
龊,chuo4
邺,ye4
莘,shen1
燮,xie4
剁,duo4
觐,jin4
铛,cheng1
谗,chan2
镍,nie4
臃,yong1
墒,shang1
晔,ye4
燔,fan2
嘭,peng1
涿,zhuo1
醯,xi1
箩,luo2
鄱,po2
睨,ni4
诤,zheng4
坳,ao4
鹭,lu4
砷,shen1
唏,xi1
伲,ni4
猬,wei4
琥,hu3
殁,mo4
蚩,chi1
泾,jing1
缥,piao3
殓,lian4
鳅,qiu1
氰,qing2
诋,di3
刍,chu2
芷,zhi3
嶙,lin2
逅,hou4
舫,fang3
呓,yi4
唰,shua1
茁,zhuo2
馑,jin3
妫,gui1
骧,xiang1
苷,gan1
擢,zhuo2
峋,xun2
袂,mei4
懑,men4
蓑,suo1
與,yu3
涞,lai2
祉,zhi3
踹,chuai4
掇,duo1
沏,qi1
诳,kuang2
噫,yi1
饽,bo1
饪,ren4
绺,liu3
谘,zi1
飧,sun1
迳,jing4
铡,zha2
枞,cong1
熨,yu4
鋈,wu4
荭,hong2
赊,she1
俦,chou2
戛,jia2
湎,mian3
幺,yao1
凇,song1
芪,qi2
觯,zhi4
龌,wo4
挞,ta4
嬴,ying2
苻,fu2
嘁,qi1
鞯,jian1
肽,tai4
恸,tong4
迨,dai4
钰,yu4
儆,jing3
觎,yu2
讫,qi4
滓,zi3
僮,tong2
媾,gou4
龇,zi1
胯,kua4
涮,shuan4
绾,wan3
杈,cha1
赳,jiu1
斛,hu2
觥,gong1
疸,dan3
卞,bian4
愠,yun4
拮,jie2
庠,xiang2
烨,ye4
龢,he2
菠,bo1
窈,yao3
罄,qing4
囤,dun4
弁,bian4
奘,zang4
咣,guang1
缫,sao1
腴,yu2
缈,miao3
喵,miao1
潢,huang2
遛,liu4
柚,you4
郏,jia2
荻,di2
藜,li2
琨,kun1
镳,biao1
雉,zhi4
橐,tuo2
陽,yang2
骈,pian2
蛉,ling2
艮,gen4
搽,cha2
濡,ru2
寮,liao2
柩,jiu4
佗,tuo2
啷,lang1
诜,shen1
視,shi4
偻,lou2
夯,hang1
闱,wei2
谖,xuan1
夥,huo3
枸,gou1
膑,bin4
虻,meng2
筠,yun2
埽,sao4
笞,chi1
臾,yu2
婀,e1
珞,luo4
粑,ba1
怵,chu4
绻,quan3
殒,yun3
觊,ji4
崂,lao2
颧,quan2
嗑,ke4
榛,zhen1
昱,yu4
蜴,yi4
鳝,shan4
噙,qin2
淼,miao3
矾,fan2
硼,peng2
囿,you4
泅,qiu2
邂,xie4
钜,ju4
蠹,du4
垩,e4
乩,ji1
嗝,ge2
淦,gan4
樽,zun1
诮,qiao4
揆,kui2
啐,cui4
淅,xi1
榉,ju3
馗,kui2
辔,pei4
暹,xian1
骛,wu4
鱿,you2
苫,shan1
犷,guang3
獠,liao2
詈,li4
竦,song3
篙,gao1
诨,hun4
铰,jiao3
馄,hun2
蜚,fei3
峒,tong2
滢,ying2
琬,wan3
靓,jing4
狻,suan1
璨,can4
犟,jiang4
鸬,lu2
螨,man3
芩,qin2
嘹,liao2
锟,kun1
蜇,zhe1
洹,huan2
栉,zhi4
俪,li4
钍,tu3
锨,xian1
瑁,mao4
壹,yi1
痿,wei3
竑,hong2
粕,po4
犄,ji1
瘙,sao4
饯,jian4
抟,tuan2
衲,na4
踮,dian3
龅,pao2
愎,bi4
馥,fu4
梏,gu4
讣,fu4
邝,kuang4
艿,nai3
趺,fu1
鲟,xun2
剜,wan1
绉,zhou4
罅,xia4
笥,si4
衩,cha3
姣,jiao1
斫,zhuo2
鹗,e4
腎,shen4
爻,yao2
猕,mi2
晗,han2
铩,sha1
窕,tiao3
仨,sa1
搡,sang3
崴,wei1
酢,zuo4
檄,xi2
佞,ning4
孑,jie2
璀,cui3
岷,min2
舛,chuan3
邕,yong1
闿,kai3
铂,bo2
霁,ji4
犒,kao4
馏,liu4
阈,yu4
麋,mi2
麒,qi2
苁,cong1
摁,en4
涔,cen2
宥,you4
妍,yan2
铤,ding4
锷,e4
嗲,dia3
恽,yun4
麂,ji3
赝,yan4
胛,jia3
哂,shen3
撷,xie2
呶,nao2
噘,jue1
懔,lin3
栎,li4
桎,zhi4
霰,xian4
飨,xiang3
揄,yu2
噔,deng1
娣,di4
薏,yi4
忝,tian3
咤,zha4
嗵,tong1
迤,yi2
贲,ben1
胪,lu2
鍪,mou2
泸,lu2
蔫,nian1
刈,yi4
僖,xi1
咿,yi1
鹌,an1
嗪,qin2
茏,long2
茯,fu2
岫,xiu4
嵘,rong2
轱,gu1
怼,dui4
铨,quan2
昕,xin1
郢,ying3
咩,mie1
馊,sou1
髡,kun1
澧,li3
苣,ju4
濯,zhuo2
盥,guan4
囡,nan1
砺,li4
佘,she2
谶,chen4
弑,shi4
楂,cha2
翦,jian3
怩,ni2
蠼,qu2
霏,fei1
楹,ying2
讴,ou1
锲,qie4
慵,yong1
胝,zhi1
砭,bian1
潍,wei2
杵,chu3
樾,yue4
帼,guo2
碣,jie2
诌,zou1
徕,lai2
胴,dong4
钴,gu3
裟,sha1
啶,ding4
铣,xian3
铱,yi1
楫,ji2
赭,zhe3
碛,qi4
酊,ding3
魑,chi1
醛,quan2
剐,gua3
畦,qi2
陂,pi2
闶,kang1
阄,jiu1
祚,zuo4
鹘,hu2
泱,yang1
趄,ju1
骅,hua2
陲,chui2
郧,yun2
倜,ti4
呤,ling2
燧,sui4
铉,xuan4
粲,can4
骶,di3
峁,mao3
忸,niu3
渌,lu4
骞,qian1
髭,zi1
戡,kan1
钨,wu1
谲,jue2
苋,xian4
锃,zeng4
蜊,li2
幄,wo4
闼,ta4
戕,qiang1
骊,li2
虢,guo2
烩,hui4
傥,tang3
妲,da2
绌,chu4
桠,ya1
袈,jia1
鎗,qiang1
薮,sou3
揿,qin4
杲,gao3
肓,huang1
厝,cuo4
莅,li4
氤,yin1
缙,jin4
衮,gun3
诟,gou4
旖,yi3
硒,xi1
唁,yan4
嬗,shan4
硎,xing2
裱,biao3
颦,pin2
質,zhi4
靥,ye4
纥,ge1
煨,wei1
礴,bo2
鏖,ao2
蝈,guo1
笏,hu4
羿,yi4
鼐,nai4
湟,huang2
甑,zeng4
炜,wei3
煲,bao1
锉,cuo4
笕,jian3
喑,yin1
嶂,zhang4
浔,xun2
弭,mi3
妪,yu4
锂,li3
苡,yi3
孳,zi1
颏,ke1
醴,li3
間,jian1
渚,zhu3
轭,e4
鹬,yu4
蚝,hao2
黃,huang2
膘,biao1
邛,qiong2
痨,lao2
褡,da1
耦,ou3
覃,tan2
虛,xu1
馔,zhuan4
篾,mie4
兖,yan3
阋,xi4
遨,ao2
爰,yuan2
痂,jia1
艄,shao1
耨,nou4
沤,ou1
邋,la1
焓,han2
秣,mo4
昶,chang3
種,zhong3
變,bian4
窣,su1
绦,tao1
俎,zu3
榫,sun3
蟪,hui4
稗,bai4
謇,jian3
氩,ya4
類,lei4
锴,kai3
龉,yu3
烃,ting1
俣,yu3
嬷,ma1
肱,gong1
鸢,yuan1
笫,zi3
痤,cuo2
陰,yin1
菏,he2
莆,pu2
芨,ji2
阕,que4
砣,tuo2
碜,chen3
鼹,yan3
長,chang2
猷,you2
竽,yu2
舸,ge3
诓,kuang1
錾,zan4
淬,cui4
隗,wei3
悌,ti4
姘,pin1
槭,qi4
邈,miao3
婕,jie2
歙,she4
稹,zhen3
蹴,cu4
砒,pi1
痈,yong1
镏,liu2
羯,jie2
豕,shi3
鲂,fang2
蓖,bi4
匦,gui3
笤,tiao2
峥,zheng1
徭,yao2
浃,jia1
烊,yang2
補,bu3
窸,xi1
酆,feng1
缢,yi4
褓,bao3
蚨,fu2
翳,yi4
趔,lie4
炔,que1
誊,teng2
赜,ze2
仃,ding1
勖,xu4
葺,qi4
蚴,you4
泷,long2
蛴,qi2
結,jie2
媸,chi1
俳,pai2
诖,gua4
茑,niao3
逡,qun1
孱,can4
砦,zhai4
跸,bi4
祜,hu4
伉,kang4
溴,xiu4
屐,ji1
飚,biao1
蛞,kuo4
鏡,jing4
掮,qian2
崆,kong1
庾,yu3
橛,jue2
矸,gan1
鸨,bao3
圻,qi2
缂,ke4
蒯,kuai3
诹,zou1
啭,zhuan4
饧,xing2
镉,ge2
鸪,gu1
蛩,qiong2
蠖,huo4
說,shuo1
劭,shao4
哐,kuang1
崧,song1
杼,zhu4
棂,ling2
螫,shi4
龃,ju3
饔,yong1
遑,huang2
颢,hao4
腱,jian4
襁,qiang3
忾,kai4
濠,hao2
牝,pin4
蛄,gu1
鲆,ping2
嗄,a2
灏,hao4
疥,jie4
苜,mu4
荞,qiao2
嘣,beng1
夤,yin2
砝,fa3
颞,nie4
開,kai1
忤,wu3
遢,ta4
旎,ni3
瘛,chi4
魉,liang3
辇,nian3
見,jian4
瓤,rang2
荥,xing2
涫,guan4
娌,li3
氚,chuan1
臁,lian2
毂,gu1
碇,ding4
毖,bi4
壅,yong1
吡,bi3
缛,ru4
玮,wei3
羟,qiang3
還,hai2
珈,jia1
颀,qi2
虼,ge4
祇,qi2
佝,gou1
翕,xi4
遴,lin2
珏,jue2
郛,fu2
較,jiao4
驗,yan4
玖,jiu3
蹇,jian3
逋,bu1
氅,chang3
粽,zong4
诂,gu3
岢,ke3
聒,guo1
髁,ke1
黍,shu3
芾,fei4
淝,fei2
鲎,hou4
鞣,rou2
髋,kuan1
闳,hong2
潆,ying2
汨,mi4
胍,gua1
阏,e4
钤,qian2
鹜,wu4
鬈,quan2
铵,an3
戬,jian3
點,dian3
崮,gu4
枰,ping2
樯,qiang2
脍,kuai4
畲,yu2
衾,qin1
蹼,pu3
題,ti2
劬,qu2
咭,ji1
囫,hu2
洱,er3
刎,wen3
芏,du4
琊,ya2
碚,bei4
鳕,xue3
谪,zhe2
芎,xiong1
恂,xun2
槿,jin3
鲢,lian2
鲧,gun3
嘧,mi4
绀,gan4
郦,li4
噱,jue2
浠,xi1
潸,shan1
跏,jia1
鲶,nian2
矍,jue2
苌,chang2
抻,chen1
琰,yan3
鹚,ci2
龆,tiao2
臬,nie4
芄,wan2
呔,tai3
雒,luo4
觞,shang1
钒,fan2
饫,yu4
阒,qu4
槎,cha2
鸩,zhen4
舂,chong1
谠,dang3
阡,qian1
莒,ju3
萸,yu2
妗,jin4
稔,ren3
穰,rang2
蚧,jie4
餍,yan4
谯,qiao2
芗,xiang1
菸,yan1
葩,pa1
踔,chuo1
厣,yan3
佻,tiao1
嘌,piao4
饩,xi4
钏,chuan4
蠓,meng3
黩,du2
倨,ju4
腸,chang2
缬,xie2
殚,dan1
钿,dian4
鎏,liu2
恁,ren4
藿,huo4
囟,xin4
鄣,zhang1
呋,fu1
婺,wu4
绱,shang4
瓯,ou1
旃,zhan1
锶,si1
酩,ming3
恹,yan1
逶,wei1
缦,man4
鸹,gua1
螟,ming2
菟,tu4
阗,tian2
濉,sui1
篑,kui4
醪,lao2
鲛,jiao1
讦,jie2
媪,ao3
邬,wu1
殇,shang1
鄯,shan4
芡,qian4
嫠,li2
肼,jing3
峤,jiao4
矽,xi1
讧,hong4
掼,guan4
焖,men4
愆,qian1
聩,kui4
岘,xian4
靛,dian4
菖,chang1
卟,bu3
姒,si4
杷,pa2
砉,hua1
袢,pan4
蚋,rui4
笳,jia1
挈,qie4
關,guan1
踽,ju3
黾,min3
麼,ma2
侩,kuai4
凫,fu2
诔,lei3
郯,tan2
韪,wei3
挲,suo1
笪,da2
鼋,yuan2
莜,you2
風,feng1
菅,jian1
嵊,sheng4
裢,lian2
趿,ta1
箸,zhu4
莴,wo1
莠,you3
阌,wen2
旯,la2
圜,huan2
涪,fu2
赍,ji1
柞,zuo4
嗍,suo1
囵,lun2
榧,fei3
裰,duo1
笾,bian1
簟,dian4
跎,tuo2
巽,xun4
曷,he2
逖,ti4
骓,zhui1
绔,ku4
枋,fang1
镒,yi4
魃,ba2
餮,tie4
讵,ju4
乜,mie1
鄢,yan1
瑭,tang2
踅,chi4
馓,san3
蟛,peng2
鳟,zun1
荛,rao2
菬,qiao2
忪,zhong1
阍,hun1
姹,cha4
纰,pi1
桉,an1
氪,ke4
氘,dao1
垅,long3
郃,xia2
汊,cha4
娉,ping1
纡,yu1
缟,gao3
旮,ga1
镢,jue2
傈,li4
堋,peng2
蔺,lin4
庥,xiu1
枥,li4
腭,e4
鹕,hu2
笮,ze2
髂,qia4
魍,wang3
缁,zi1
槊,shuo4
跞,li4
醚,mi2
吒,zha4
枳,zhi3
搿,ge2
鹧,zhe4
蜍,chu2
舻,lu2
鏊,ao4
禳,rang2
蒺,ji2
钹,bo2
蜢,meng3
鬻,yu4
珩,heng2
卮,zhi1
垭,ya4
苄,bian4
苕,tiao2
菀,wan3
骠,piao4
袷,jia2
跹,xian1
瘘,lou4
騔,ge2
論,lun4
磬,qing4
缶,fou3
笸,po3
鸷,zhi4
頭,tou2
芰,ji4
蕲,qi2
阆,lang2
纨,wan2
琮,cong2
牦,mao2
砩,fei4
蠲,juan1
锒,lang2
锕,a1
郓,yun4
妯,zhou2
驷,si4
鹩,liao2
舢,shan1
趸,dun3
證,zheng4
養,yang3
芫,yuan2
嗉,su4
蠊,lian2
笊,zhao4
莸,you2
饴,yi2
阃,kun3
浯,wu2
枇,pi2
焱,yan4
铆,mao3
擤,xing3
柢,di3
醢,hai3
呲,ci1
崾,yao3
溆,xu4
潴,zhu1
牖,you3
硪,wo4
碓,dui4
鹆,yu4
鬣,lie4
堀,ku1
帙,zhi4
雱,pang1
須,xu1
進,jin4
诎,qu1
獐,zhang1
桁,heng2
蛱,jia2
鳏,guan1
郴,chen1
幂,mi4
箝,qian2
僳,su4
疝,shan4
茴,hui2
揶,ye2
呦,you1
嗌,ai4
囹,ling2
螈,yuan2
脲,niao4
镊,nie4
锑,ti1
胨,dong4
膈,ge2
痼,gu4
鳊,bian1
赅,gai1
贽,zhi4
處,chu4
苤,pie3
峄,yi4
桡,rao2
雎,ju1
鲋,fu4
鞫,ju1
鼬,you4
獯,xun1
昀,yun2
痍,yi2
蟊,mao2
鞴,bei4
疖,jie2
熘,liu1
乇,tuo1
羸,lei2
嵴,ji2
栀,zhi1
槲,hu2
炝,qiang4
炷,zhu4
硐,dong4
锸,cha1
鹂,li2
裾,ju1
侪,chai2
診,zhen3
調,diao4
珐,fa4
縯,yin3
哔,bi4
屙,e1
旆,pei4
佰,bai3
僦,jiu4
牯,gu3
钪,kang4
掾,yuan4
針,zhen1
仟,qian1
圮,pi3
芟,shan1
崃,lai2
廪,lin3
擘,bo4
笱,gou3
跗,fu1
鲅,ba4
硷,jian3
苎,zhu4
匏,pao2
嗾,sou3
圄,yu3
彀,gou4
粳,jing1
卣,you3
勐,meng3
掴,guo2
涑,su4
浞,zhuo2
玳,dai4
愍,min3
畛,zhen3
赧,nan3
貉,hao2
擀,gan3
湫,jiao3
逦,li3
椴,duan4
铄,shuo4
箧,qie4
刖,yue4
鲮,ling2
訇,hong1
茱,zhu1
啖,dan4
悭,qian1
愀,qiao3
朐,qu2
畈,fan4
鹨,liu4
蛘,yang2
佶,ji2
缃,xiang1
晟,sheng4
鲱,fei1
凼,dang4
苴,ju1
颛,zhuan1
厍,she4
匚,fang1
徉,yang2
洙,zhu1
氡,dong1
胗,zhen1
癯,qu2
鞒,qiao2
锆,gao4
佤,wa3
錢,qian2
飲,yin3
細,xi4
勰,xie2
钺,yue4
繇,yao2
螭,chi1
嵬,wei2
轸,zhen3
肟,wo4
肫,zhun1
邨,cun1
瘿,ying3
仞,ren4
奁,lian2
宄,gui3
轳,lu2
熳,man4
睇,di4
钼,mu4
蝼,lou2
跆,tai2
樗,chu1
鲰,zou1
節,jie1
诶,ei1
薜,bi4
铧,hua2
裥,jian3
榇,chen4
馃,guo3
術,shu4
蹚,tang1
怄,ou4
寤,wu4
缗,min2
硗,qiao1
碡,du2
矬,cuo2
鸱,chi1
虺,hui1
糅,rou2
雠,chou2
帑,tang3
镧,lan2
埙,xun1
啁,zhou1
悒,yi4
犍,jian1
硌,ge4
锩,juan4
虿,chai4
蛑,mou2
艉,wei3
钅,jin1
咴,hui1
筮,shi4
艏,shou3
糁,san3
鼍,tuo2
肄,yi4
籴,di2
骜,ao4
砻,long2
蜮,yu4
龀,chen4
黢,qu1
劢,mai4
腫,zhong3
耪,pang3
鬯,chang4
畚,ben3
觳,hu2
稞,ke1
鹁,bo2
鲲,kun1
稱,cheng1
捌,ba1
菔,fu2
獬,xie4
柘,zhe4
娆,rao2
篪,chi2
鲀,tun2
谰,lan2
孬,nao1
伥,chang1
谇,sui4
鄄,juan4
狎,xia2
闫,yan2
滟,yan4
齑,ji1
遒,qiu2
磔,zhe2
聃,dan1
綦,qi2
鲡,li2
蔻,kou4
泠,ling2
砗,che1
钕,nu:3
镫,deng4
菹,zu1
胂,shen4
煅,duan4
煸,bian1
螯,ao2
躅,zhu2
鲠,geng3
佥,qian1
罘,fu2
嶝,deng4
適,shi4
坨,tuo2
菽,shu1
哞,mou1
徜,chang2
慊,qian4
洳,ru4
渑,sheng2
灞,ba4
盍,he2
钋,po1
鸫,dong1
踯,zhi2
縻,mi2
萘,nai4
褫,chi3
羰,tang1
腦,nao3
俅,qiu2
芤,kou1
隳,hui1
洮,tao2
胼,pian2
罴,pi2
镛,yong1
怛,da2
芊,qian1
啉,lin2
噌,ceng1
嫱,qiang2
绲,gun3
膻,shan1
焐,wu4
裡,li3
葎,lv4
亓,qi2
倮,luo3
莼,chun2
蘅,heng2
嘞,lei
缒,zhui4
镆,mo4
網,wang3
伧,cang1
荏,ren3
唳,li4
檩,lin3
鸶,si1
蚬,xian3
骱,xie4
蘖,nie4
澍,shu4
韫,yun4
颎,jiong3
嘏,gu3
垡,fa2
腚,ding4
焯,chao1
繻,xu1
怙,hu4
羧,suo1
鼙,pi2
倥,kong1
亳,bo2
艽,jiao1
荠,ji4
昴,mao3
舨,ban3
魈,xiao1
醣,tang2
枵,xiao1
粜,tiao4
甙,dai4
珲,hun2
杓,biao1
楸,qiu1
楦,xuan4
疃,tuan3
蛏,cheng1
蠛,mie4
髌,bin4
茔,ying2
臨,lin2
诼,zhuo2
嬖,bi4
耒,lei3
蜣,qiang1
笄,ji1
跣,xian3
钣,ban3
戆,zhuang4
蜉,fu2
喾,ku4
铍,pi2
陉,xing2
薹,tai2
肷,qian3
岵,hu4
瓴,ling2
荽,sui1
怫,fei4
钭,tou3
窀,zhun1
缯,zeng1
倬,zhuo1
摭,zhi2
帔,pei4
楝,lian4
痱,fei4
蚶,han1
螬,cao2
髑,du2
紅,hong2
鼗,tao2
狷,juan4
殛,ji2
裉,ken4
粝,li4
萋,qi1
葭,jia1
衽,ren4
鳢,li3
傧,bin1
喁,yong2
嫘,lei2
罟,gu3
钌,liao3
裼,ti4
愦,kui4
蝽,chun1
雖,sui1
锗,zhe3
衿,jin1
粢,zi1
醵,ju4
跫,qiong2
鐾,bei4
廛,chan2
墉,yong1
哌,pai4
輕,qing1
扦,qian1
堇,jin3
婧,jing4
暌,kui2
罱,lan3
镞,zu2
蹰,chu2
陟,zhi4
鳔,biao4
脘,wan3
臟,zang4
岿,kui1
侔,mou2
郾,yan3
唿,hu1
砹,ai4
疴,ke1
麸,fu1
薨,hong1
綝,chen1
滁,chu2
偾,fen4
拊,fu3
撺,cuan1
呒,fu3
狯,kuai4
猢,hu2
椁,guo3
榱,cui1
罾,zeng1
铳,chong4
裎,cheng2
鳚,wei4
眦,zi4
璎,ying1
認,ren4
崞,guo1
缇,ti2
蝣,you2
萑,huan2
狲,sun1
缱,qian3
晷,gui3
冼,xian3
痧,sha1
統,tong3
蕖,qu2
狍,pao2
憷,chu4
锛,ben1
窨,xun1
袼,ge1
帏,wei2
儋,dan1
绨,ti2
疠,li4
蘩,fan2
嵝,lou3
庀,pi3
汜,si4
炅,gui4
煳,hu2
泶,xue2
瓠,hu4
窳,yu3
虮,ji3
蚰,you2
邰,tai2
苊,e4
砀,dang4
捩,lie4
蹉,cuo1
莪,e2
螽,zhong1
覺,jiao4
蘼,mi2
槔,gao1
曛,xun1
蛲,nao2
鹾,cuo2
隹,zhui1
犸,ma3
衄,nu:4
觀,guan1
轉,zhuan3
銎,qiong1
泫,xuan4
玢,fen1
辊,gun3
瞋,tian2
墀,chi2
酐,gan1
隱,yin3
堞,die2
尥,liao4
嚯,huo4
猗,yi1
逑,qiu2
逯,lu4
硖,xia2
噻,sai1
嵛,yu2
畀,bi4
運,yun4
鲃,ba1
偬,zong3
鄞,yin2
呖,li4
溧,li4
嬲,niao3
肭,na4
鹈,ti2
鹱,hu4
窭,ju4
黧,li2
谵,zhan1
沆,hang4
嫒,ai4
塬,yuan2
缣,jian1
篯,jian1
酃,ling2
喱,li2
泔,gan1
溘,ke4
迕,wu3
肀,yu4
秫,shu2
裣,lian3
铋,bi4
蒌,lou2
曩,nang3
赀,zi1
箪,dan1
朊,ruan3
鳙,yong1
仫,mu4
钎,qian1
芑,qi3
胙,zuo4
盱,xu1
糇,hou2
挹,yi4
捭,bai3
悱,fei3
鬟,huan2
緩,huan3
請,qing3
崤,yao2
澶,chan2
甾,zai1
欹,yi1
瞽,gu3
钇,yi3
鹪,jiao1
鞔,man2
缡,li2
铯,se4
鲚,ji4
組,zu3
嘬,chuai4
庹,tuo3
渖,shen3
湔,jian1
玎,ding1
锜,yi3
锊,lue4
舾,xi1
籼,xian1
阊,chang1
祕,bi4
猊,ni2
燹,xian3
葑,feng1
蓼,liao3
幛,zhang4
岣,gou3
浼,mei3
甯,ning2
瑷,ai4
敫,jiao3
钔,men2
钫,fang1
锼,sou1
锿,ai1
癔,yi4
穸,xi1
褊,bian3
蚍,pi2
篦,bi4
麇,jun1
樘,tang2
钯,ba3
禇,chu3
铒,er3
續,xu4
莩,fu2
嵯,cuo2
逭,huan4
遄,chuan2
戗,qiang1
睃,suo1
鮈,ju1
瀣,xie4
皴,cun1
泮,pan4
轫,ren4
褰,qian1
炱,tai2
醍,ti2
锱,zi1
篁,huang2
葚,ren4
難,nan2
矇,meng3
驽,nu2
辚,lin2
睥,bi4
鸺,xiu1
筇,qiong2
戥,deng3
髀,bi4
驺,zou1
頸,jing3
哙,kuai4
濞,bi4
逄,pang2
桤,qi1
攵,fan3
炻,shi2
磙,gun3
疳,gan1
醭,bu2
鳇,huang2
鹮,huan2
迓,ya4
眇,miao3
楮,chu3
砜,feng1
謝,xie4
離,li2
約,yue1
菘,song1
馇,zha
栌,lu2
醐,hu2
唢,suo3
獍,jing4
殳,shu1
仡,yi4
軟,ruan3
刿,gui4
葜,qia1
薅,hao1
湓,pen2
搴,qian1
尕,ga3
磴,deng4
锝,de2
镅,mei2
艚,cao2
殄,tian3
暝,ming2
祢,mi2
豉,chi3
垴,nao3
維,wei2
瓿,bu4
煺,tui4
蟥,huang2
蹀,die2
門,men2
黼,fu3
氙,xian1
铑,lao3
積,ji1
線,xian4
蒡,bang4
杪,miao3
肜,rong2
膂,lu:3
砬,la2
硭,mang2
酽,yan4
踟,chi2
鲷,diao1
蒴,shuo4
藁,gao3
猡,luo2
旒,liu2
硇,nao2
锍,liu3
鞲,gou1
哿,ge3
皤,po2
哏,gen2
殍,piao3
漯,ta4
確,que4
織,zhi1
連,lian2
谂,shen3
跶,da2
橥,zhu1
镬,huo4
鸲,qu2
姝,shu1
茭,jiao1
窆,bian3
髟,biao1
畋,tian2
溏,tang2
鲔,wei3
顯,xian3
喹,kui2
紹,shao4
吣,qin4
羼,chan4
缧,lei2
窬,yu2
骘,zhi4
赉,lai4
镓,jia1
邳,pi1
璩,qu2
鸸,er2
涠,wei2
溲,sou1
孥,nu2
敉,mi3
筌,quan2
䜣,NA
義,yi4
衛,wei4
響,xiang3
蹓,liu1
垓,gai1
苒,ran3
荸,bi2
甓,pi4
锪,huo1
镄,fei4
脔,luan2
艟,chong1
選,xuan3
達,da2
眬,long2
彘,zhi4
檠,qing2
胩,ka3
旄,mao2
祆,xian1
伛,yu3
鲥,shi2
荦,luo4
暾,tun1
脈,mai4
納,na4
缌,si1
飏,yang2
锞,ke4
趵,bao4
跖,zhi2
跬,kui3
僬,jiao1
皲,jun1
翥,zhu4
祎,yi1
貢,gong4
習,xi2
閉,bi4
芴,wu4
菰,gu1
眙,yi2
锓,qin3
訾,zi1
莳,shi2
菪,dang4
槠,zhu1
榍,xie4
俜,ping1
觚,gu1
撄,ying1
嵫,zi1
桴,fu2
晡,bu1
爨,cuan4
悫,que4
锇,e2
锖,qiang1
锘,nuo4
蝾,rong2
糌,zan1
柙,xia2
滹,hu1
睚,ya2
辦,ban4
莨,lang4
尻,kao1
罨,yan3
锔,ju1
筲,shao1
妣,bi3
砘,dun4
谳,yan4
钽,tan3
鈤,ri4
脹,zhang4
遺,yi2
鄹,zou1
菡,han4
崦,yan1
狺,yin2
杌,wu4
秭,zi3
舯,zhong1
豇,jiang1
鲵,ni2
蘧,qu2
阚,kan4
悝,kui1
铌,ni2
預,yu4
缑,gou1
瑗,yuan4
椹,shen4
旰,gan4
魆,xu1
蓍,shi1
蕹,weng4
岜,ba1
钐,shan1
锬,tan2
镪,qiang1
绡,xiao1
檎,qin2
穀,yu4
茕,qiong2
話,hua4
縮,suo1
顧,gu4
荈,chuan3
侉,kua3
渫,xie4
辂,lu4
欷,xi1
轾,zhi4
麴,qu1
戢,ji2
趼,jian3
誤,wu4
芈,mi3
苈,li4
缍,duo3
歃,sha4
燠,yu4
耜,si4
顸,han1
蚵,e2
哓,xiao1
澌,si1
郜,gao4
徼,jiao3
籀,zhou4
陬,zou1
蕤,rui2
叻,le4
猞,she1
洇,yin1
锎,kai1
舳,zhu2
缋,hui4
镗,tang1
褙,bei4
耋,die4
聬,weng3
鳡,gan3
鲌,ba4
鰽,qiu2
筆,bi3
簡,jian3
計,ji4
語,yu3
謂,wei4
袴,ku4
巯,qiu2
吖,a1
猁,li4
桷,jue2
砼,tong2
锾,huan2
颟,man1
跽,ji4
悛,quan1
桕,jiu4
艨,meng2
颡,sang3
髹,xiu1
桫,suo1
鬆,song4
練,lian4
總,zong3
膽,dan3
貝,bei4
葸,xi3
屣,xi3
獒,ao2
瘌,la4
佴,er4
锫,pei2
隰,xi2
醌,kun1
萬,wan4
矯,jiao3
鰕,xia1
岽,dong1
昃,ze4
螓,qin2
垧,shang3
廨,xie4
骺,hou2
黥,qing2
豳,bin1
議,yi4
絡,luo4
護,hu4
釋,shi4
隨,sui2
荑,ti2
莶,xian1
蓊,weng3
揎,xuan1
娈,luan2
嫜,zhang1
毽,jian4
砑,ya4
碶,qi4
剀,kai3
薷,ru2
怃,wu3
怿,yi4
骐,qi2
腧,shu4
霈,pei4
蝻,nan3
鵰,diao1
讀,du2
墼,ji1
坩,gan1
甏,beng4
鹇,xian2
鹣,jian1
舴,ze2
鲭,qing1
傺,chi4
枘,rui4
秕,bi3
糨,jiang4
忉,dao1
磲,qu2
顒,yu2
蟲,chong2
訓,xun4
侑,you4
萁,qi2
葳,wei1
呙,guo1
鹋,miao2
貘,mo4
葶,ting2
枨,cheng2
棹,zhuo1
纛,dao4
籤,qian1
規,gui1
資,zi1
嶷,yi2
妁,shuo4
杩,ma4
鹛,mei2
羝,di1
骖,can1
祧,tiao1
給,gei3
淠,pi4
畎,quan3
箨,tuo4
鳐,yao2
識,shi2
遠,yuan3
谿,ji1
剡,shan4
吲,yin3
嫫,mo2
戽,hu4
糗,qiu3
鸮,xiao1
蕰,wen1
坼,che4
璺,wen4
栊,long2
镝,di1
疔,ding1
瘰,luo3
谮,zen4
辋,wang3
碥,bian3
豂,liao2
竅,qiao4
讓,rang4
黒,hei1
劂,jue2
潋,lian4
孓,jue2
螋,sou1
鲳,chang1
铙,nao2
塄,leng2
萆,bi4
碲,di4
粋,cui4
纻,zhu4
沭,shu4
祏,shi2
電,dian4
鱲,la4
頻,pin2
設,she4
試,shi4
項,xiang4
鄩,xun2
鱖,gui4
鱧,li3
怍,zuo4
糍,ci2
鸻,heng2
仵,wu3
柰,nai4
棼,fen2
氇,lu
氆,pu3
烀,hu1
镔,bin1
珉,min2
鞬,jian1
範,fan4
膠,jiao1
眾,zhong4
鶇,dong1
囝,jian3
犴,an4
镠,liao2
觇,zhan1
钆,ga2
蚺,ran2
蝓,yu2
趑,zi1
貔,pi2
躞,xie4
氽,cuan1
绂,fu2
栲,kao3
鹎,bei1
襻,pan4
蓚,tiao2
貪,tan1
祓,fu2
繼,ji4
脫,tuo1
郿,mei2
骝,liu2
檫,cha2
砟,zha3
蝰,kui2
猱,nao2
缵,zuan3
沔,mian3
彖,tuan4
黻,fu2
眢,yuan1
車,che1
陳,chen2
雜,za2
驚,jing1
龍,long2
鮠,wei2
茛,gen4
蕈,xun4
骀,tai2
樨,xi1
昝,zan3
餂,tian2
镎,na2
酡,tuo2
鳜,gui4
觋,xi2
礅,dun1
垆,lu2
坻,chi2
荇,xing4
扃,jiong1
磻,bo1
郗,chi1
阇,du1
腈,jing1
铈,shi4
臥,wo4
顱,lu2
級,ji2
階,jie1
顟,lao2
衖,long4
珙,gong3
襞,bi4
劁,qiao1
隈,wei1
胬,nu3
纮,hong2
翙,hui4
茀,bo2
荜,bi4
溱,zhen1
酤,gu1
腳,jiao3
記,ji4
許,xu3
錯,cuo4
鱇,kang1
圯,yi2
柽,cheng1
瞀,mao4
铖,cheng2
粞,xi1
撙,zun3
铊,ta1
圹,kuang4
菝,ba2
迴,hui2
岙,ao4
漶,huan4
缏,bian4
貊,mo4
粫,er2
徂,cu2
洎,ji4
礌,lei3
膿,nong2
葉,ye4
險,xian3
雙,shuang1
餘,yu2
邠,bin1
邽,gui1
溽,ru4
棰,chui2
舭,bi3
艋,meng3
靜,jing4
聱,ao2
尢,wang1
藚,xu4
佾,yi4
蕻,hong4
狁,yun3
绁,xie4
牾,wu3
慝,te4
蜱,pi2
鬘,man2
膚,fu1
虧,kui1
邊,bian1
髮,fa4
埚,guo1
堙,yin1
菥,xi1
萏,dan4
玟,min2
椟,du2
铗,jia2
颙,yu2
踬,zhi4
筚,bi4
矻,ku1
搠,shuo4
圉,yu3
浍,kuai4
閱,yue4
蛸,shao1
礎,chu3
討,tao3
鎮,zhen4
鮊,ba4
芘,pi2
萜,tie1
鄗,hao4
惝,chang3
毵,san1
鲽,die2
酞,tai4
絕,jue2
哚,duo3
溷,hun4
缞,shuai1
踰,yao2
搦,nuo4
帻,ze2
铦,tian3
鲴,gu4
髫,tiao2
盡,jin4
蓋,gai4
製,zhi4
載,zai3
週,zhou1
陸,lu4
醡,zha4
儇,xuan1
狴,bi4
迮,ze2
鍬,qiao1
趱,zan3
椠,qian4
赟,yun1
陔,gai1
坌,ben4
悃,kun3
塍,cheng2
疬,li4
麈,zhu3
絜,jie2
脩,you3
赒,zhou1
埒,lei4
镡,tan2
镨,pu3
骎,qin1
骙,kui2
薑,jiang1
鼩,qu2
雰,fen1
穩,wen3
藴,wen1
責,ze2
鮮,xian1
鳑,pang2
豨,xi1
琚,ju1
觫,su4
鲦,tiao2
刳,ku1
拶,zan3
掊,pou2
泐,le4
瘗,yi4
雩,yu2
麿,mo3
檗,bo4
鼂,zhao1
詳,xiang2
際,ji4
褔,fu4
铟,yin1
聽,ting1
觸,chu4
靈,ling2
鲏,pi1
蒗,lang4
魟,gong1
遹,yu4
攴,po1
蝥,mao2
茆,mao2
蓁,zhen1
嚆,hao1
忮,zhi4
篌,hou2
菧,di3
卺,jin3
郫,pi2
篠,xiao3
複,fu2
該,gai1
貴,gui4
辯,bian4
飛,fei1
犰,qiu2
狳,yu2
陠,bu1
蹁,pian2
蓐,ru4
稜,leng2
菃,qu2
埝,nian4
蕞,zui4
喈,jie1
戋,jian1
赙,fu4
磉,sang3
郤,qie4
聍,ning2
铷,ru2
硏,yan2
腘,guo2
興,xing4
雞,ji1
鬱,yu4
鳴,ming2
麥,mai4
鮟,an1
鳈,quan2
秾,nong2
邗,han2
釐,li2
矧,shen3
舁,yu2
貅,xiu1
瞇,mi1
骢,cong1
阼,zuo4
垸,yuan4
墁,man4
攮,nang3
柝,tuo4
梃,ting3
眚,sheng3
箜,kong1
簏,lu4
綮,qi3
鲩,huan4
諡,shi4
茇,ba2
摅,shu1
顐,wen4
蜾,guo3
龂,yan3
䦟,NA
臍,qi2
膩,ni4
諸,zhu1
讉,yi2
鎯,lang2
脒,mi3
箬,ruo4
鲻,zi1
埸,yi4
颃,hang2
蒹,jian1
瞍,sou3
铫,diao4
蒐,sou1
蹻,jiao3
幞,fu2
阯,zhi3
觏,gou4
媵,ying4
钬,huo3
襦,ru2
簋,gui3
翮,he2
蹯,fan2
艖,cha1
貓,mao1
鐮,lian2
負,fu4
順,shun4
鲿,chang2
緊,jin3
蹠,zhi2
攉,huo1
禊,xi4
箐,qing4
镟,xuan4
癍,ban1
霪,yin2
袪,qu1
劓,yi4
殂,cu2
脞,cuo3
霨,wei4
饾,dou4
耵,ding1
泺,luo4
埤,pi2
碁,qi2
鲐,tai2
鷟,zhuo2
膬,cui4
茲,zi1
粯,xian4
糞,fen4
聲,sheng1
貼,tie1
陴,pi2
橼,yuan2
驩,huan1
唣,zao4
蜩,tiao2
埯,an3
蓥,ying2
袝,fu4
谞,xu1
馘,guo2
谫,jian3
輶,you2
廑,jin3
瘐,yu3
躐,lie4
黟,yi1
纔,shan1
礙,ai4
膯,teng1
華,hua2
藭,qiong
禆,bi4
號,hao4
談,tan2
費,fei4
顏,yan2
飯,fan4
稓,zuo2
縠,hu2
揠,ya4
绐,dai4
鸰,ling2
搛,jian1
黹,zhi3
恧,nu:4
粎,mi3
柒,qi1
裒,pou2
栳,lao3
钸,bu1
饸,he2
譞,xuan1
販,fan4
铕,you3
絷,zhi2
蒨,qian4
蓣,yu4
迻,yi2
釆,bian3
鲕,er2
頗,po1
鍏,wei2
鷉,si1
郄,qie4
埘,shi2
薤,xie4
鲞,xiang3
鼯,wu2
坭,ni2
蔌,su4
缳,huan2
靦,mian3
筸,gan1
蘋,pin2
夼,kuang3
椐,ju1
轹,li4
脬,pao1
眍,kou1
饹,le
瘥,chai4
瘵,zhai4
蝦,xia1
誌,zhi4
邴,bing3
鉁,zhen1
鞮,di1
舄,xi4
麄,cu1
翛,xiao1
覩,du3
纩,kuang4
蓮,lian2
唛,ma4
袓,jie1
祂,ta1
轎,jiao4
紀,ji4
纖,xian1
輔,fu3
鉀,jia3
領,ling3
螵,piao1
鸊,bi4
鮡,zhao4
禛,zhen1
袆,yi1
謴,gun4
邾,zhu1
鮣,yin
酲,cheng2
龁,he2
汔,qi4
眄,mian3
眊,mei4
鬲,ge2
阨,e4
靸,sa3
臉,lian3
贇,yun1
酺,pu2
狃,niu3
轺,yao2
霅,zha2
鬂,bin4
鼷,xi1
蠃,luo3
埴,zhi2
鴥,yu4
隊,dui4
髆,bo2
綱,gang1
膮,xiao1
謹,jin3
铪,ha1
鹼,jian3
簳,gan3
終,zhong1
綜,zong1
裝,zhuang1
訉,fan4
銀,yin2
鲉,you2
蕿,xuan1
袊,ling2
汆,cuan1
硃,zhu1
仝,tong2
趽,pang2
堍,tu4
揸,zha1
忭,bian4
銧,guang1
妤,yu2
頫,tiao4
緡,min3
讟,du2
龠,yue4
垤,die2
擐,huan4
噍,jiao4
洫,xu4
滏,fu3
璁,cong1
癃,long2
邡,fang1
絁,shi1
鍩,tian3
趨,qu1
蒽,en1
絲,si1
膫,liao2
臅,chu4
茖,luo4
蘇,su1
詞,ci2
詾,xiong1
贆,biao1
蹨,nian3
農,nong2
錄,lu4
鐘,zhong1
鰜,jian1
鹽,yan2
赕,dan3
鯔,zi1
鯮,zong1
蔯,chen2
貙,chu1
餬,hu2
躜,zuan1
鳀,ti2
鹡,ji2
䴘,NA
蠋,zhu2
钲,zheng1
蜁,xuan2
兕,si4
阽,dian4
鎰,yi4
绋,fu2
铓,mang2
爝,jue2
磾,di1
葷,hun1
螘,yi3
仂,le4
雲,yun2
顗,yi3
蟫,yin2
蕺,ji2
骃,yin1
蔀,bu4
诪,zhou1
猹,cha2
鋬,pan4
盤,pan2
齾,e4
埕,cheng2
聞,wen2
舉,ju3
虡,ju4
評,ping2
鍋,guo1
陣,zhen4
紬,chou1
訢,xi1
蔎,she4
繸,sui4
绖,die2
埭,dai4
駮,bo2
鰡,liu2
鵳,jian1
柁,tuo2
筴,jia1
珧,yao2
贳,shi4
贶,kuang4
腩,nan3
臌,gu3
礓,jiang1
袛,di1
貐,yu3
蹐,ji2
圬,wu1
堠,hou4
屦,ju4
驵,zang3
鑑,jian4
桄,guang1
霑,zhan1
憝,dui4
瘳,chou1
騃,ai2
茌,chi2
辀,zhou1
胠,qu1
埏,shan1
腠,cou4
靰,wu4
鞡,la
缻,fou3
輳,cou4
闆,pan3
铼,lai2
紤,jiu3
翹,qiao4
聯,lian2
詢,xun2
課,ke4
豐,feng1
賴,lai4
輸,shu1
遲,chi2
鐣,zhang3
齡,ling2
莤,you2
鱯,hu4
缽,bo1
邲,bi4
唼,sha4
鐻,ju4
閟,bi4
駚,yang3
篥,li4
茈,ci2
肏,cao4
萩,jiao1
跐,ci1
蹅,zha1
瞢,meng2
罽,ji4
聭,kui4
辻,shi2
铚,zhi4
箦,ze2
踣,bo2
菑,zi1
蹟,ji4
捃,jun4
瘕,jia3
睺,hou2
閒,jian1
鈦,tai4
顩,yan3
鳓,le4
闇,an1
鹹,jian3
䥇,NA
禍,huo4
窩,wo1
純,chun2
縱,zong4
聖,sheng4
聛,bi3
脮,tui3
衝,chong1
訊,xun4
馬,ma3
諹,yang2
誖,bei4
蕅,ou3
鰨,ta3
睒,shan3
笰,fei4
籥,yao4
翧,xuan1
镩,cuan1
耧,lou2
蜞,qi2
舡,chuan2
鰲,ao2
鹀,wu2
䴙,NA
罣,gua4
觍,tian3
絽,lv3
羶,shan1
臜,za1
薙,ti4
觔,jin1
躼,uu
岈,ya2
潲,shao4
枧,jian3
觌,di2
膦,lin4
礞,meng2
蝤,qiu2
螗,tang2
酹,lei4
醅,pei1
絅,jiong1
纁,xun1
葰,jun4
郇,xun2
躄,bi4
茼,tong2
洧,wei3
滠,she4
澉,gan3
鎭,zhen1
铏,xing2
閤,ge1
赆,jin4
赇,qiu2
顣,cu4
骕,su4
飑,biao1
訄,kao1
輓,wan3
鉤,gou1
鋹,chang3
钘,jian1
陁,tuo2
耱,mo4
繫,ji4
鋵,tu1
鱵,zhen1
黨,dang3
禿,tu1
貧,pin2
買,mai3
賈,jia3
榀,pin3
緣,yuan2
膶,yen
茐,cong1
螝,gui1
訙,xun4
誘,you4
賦,fu4
贅,zhui4
鄬,wei2
釤,shan1
鍵,jian4
閮,ting2
隻,zhi1
飽,bao3
齒,chi3
鯆,bu1
逿,dang4
鮀,tuo2
鯝,gu4
鰁,quan2
鱤,gan3
郕,cheng2
镴,la4
韻,yun4
鮄,fu2
鲙,kuai4
鳁,wen1
齁,ku4
舖,pu4
膹,fen4
袣,yi4
謿,zhao1
陧,nie4
坜,li4
坫,dian4
甍,meng2
绠,geng3
恝,jia2
飗,liu2
镙,luo2
镱,yi4
騾,luo2
魋,tui2
硱,kun3
祫,xia2
筍,sun3
箖,lin2
袧,gou1
迯,tao2
郙,fu3
酖,dan1
遘,gou4
阘,ta4
眭,sui1
餗,su4
耖,chao4
鯒,yong3
邶,bei4
絼,zhen4
颥,ru2
篚,fei3
鳘,min3
䥺,NA
虒,ti2
裈,kun1
遆,ti2
麑,ni2
粚,li2
託,tuo1
鄚,mao4
軌,gui3
饋,kui4
銳,rui4
粌,yin2
紙,zhi3
職,zhi2
臏,bin4
莖,jing1
葌,jian1
豬,zhu1
貏,bi3
違,wei2
鄉,xiang1
闅,wen2
闊,kuo4
頂,ding3
飢,ji1
驅,qu1
魚,yu2
鳉,jiang1
鴱,ai4
鶎,zun1
黴,mei2
祼,guan4
鬛,lie4
镈,bo2
瞓,fen3
罶,liu3
羑,you3
黉,hong2
霚,wu4
笹,xiao3
郐,kuai4
溻,ta1
骯,ang1
礡,bo2
袉,tuo2
訚,yin2
谉,shen3
莛,ting2
哕,yue3
滗,bi4
瀹,yue4
鏰,beng4
稃,fu1
眰,die4
眳,ming2
矞,yu4
硚,qiao2
禋,yin1
翀,chong1
苾,bi4
襕,lan2
趥,qiu1
茺,chong1
軿,peng1
逌,you1
唪,feng3
庳,bi4
殪,yi4
隃,yu2
糈,xu3
鲄,ge3
龜,gui1
碕,qi1
鲣,jian1
綎,ting1
栝,gua1
轵,zhi3
雔,chou2
頠,wei3
穈,men2
翃,hong2
膭,gui1
衒,xuan4
盇,he2
礦,kuang4
譢,sui4
鳰,ru4
遞,di4
鴫,tian2
笟,gu1
莾,mang3
蒼,cang1
蟬,chan2
袑,shao4
訒,ren4
講,jiang3
讝,zhan2
購,gou4
趕,gan3
鈧,kang4
鈩,lu2
閃,shan3
閷,sha1
頉,yi2
髤,xiu1
龤,xie2
薿,ni3
鱥,gui4
觝,zhi3
鮻,suo1
鳤,guan3
穉,ti2
觱,bi4
轘,huan2
鐓,dui4
筘,kou4
鲝,zha3
睏,kun4
蔸,dou1
镚,beng4
痦,wu4
秵,yin1
臎,cui4
葴,qian2
蝟,wei4
訂,ding4
泖,mao3
骟,shan4
锽,huang2
犋,ju4
眵,chi1
耩,jiang3
筢,pa2
躔,chan2
鬏,jiu1
黪,can3
䞍,NA
祔,fu4
箠,chui2
舲,ling2
蒷,yun2
蜺,ni2
襢,tan3
謺,zhe2
劐,huo1
貯,zhu4
搋,chuai1
醊,zhui4
廒,ao2
洚,jiang4
胲,hai3
韥,du2
饘,zhan1
馂,jun4
筅,xian3
鳆,fu4
鲊,zha3
麗,li4
篸,zan1
腄,hou2
臑,nao4
诐,bi4
仳,pi3
趩,chi4
篩,shai1
簾,lian2
絪,yin1
绹,tao2
膵,cui4
蕗,lu4
蝘,yan3
袠,zhi4
賸,sheng4
葙,xiang1
遊,you2
饑,qi2
驀,mo4
祪,gui3
禘,di4
臺,tai2
菍,nie4
髒,zang1
軸,zhou2
釘,ding4
頃,qing3
仉,zhang3
氕,pie1
矔,guan4
緒,xu4
脅,xie2
臒,qu2
苿,wei4
菢,bao4
蔂,lei2
藞,la3
袩,zhe2
貞,zhen1
賣,mai4
跍,ku1
跓,zhu4
蹤,zong1
軍,jun1
邿,shi1
鄰,lin2
醿,mi2
鈨,yuan2
鋼,gang1
駵,liu2
駸,qin1
鰪,e2
鱾,ji3
䝼,NA
賨,cong2
艞,yao4
鹟,weng1
钁,jue2
鞓,ting1
鰉,huang2
監,jian1
穊,ji4
蕡,fei4
鑨,long2
楱,cou4
靹,na4
鷃,yan4
鼱,jing1
眫,pan4
艆,lang2
褯,jie4
剞,ji1
蔟,cu4
靿,yao4
飭,chi4
瘼,mo4
酴,tu2
鼢,fen2
睆,huan3
硁,keng1
秬,ju4
穪,bie2
筦,guan3
粡,tong2
粣,ce4
綖,yan2
裏,li3
刭,jing3
跼,qu2
蒇,chan3
挢,jiao3
邆,teng2
彡,san1
猃,xian3
闉,yin1
阓,hui4
阛,huan2
靺,wa4
鞨,he2
铥,diu1
瘅,dan1
駰,yin1
騻,shuang1
箅,bi4
箢,yuan1
觖,jue2
麆,zhu4
齮,yi3
糀,hua1
虯,qiu2
瘊,hou2
絛,tao1
聴,ting1
蘭,lan2
讬,tuo1
揲,she2
镮,huan2
钷,po3
睪,yi4
砲,pao4
稅,shui4
翫,wan4
荅,da2
菉,lu4
袚,bo1
褋,die2
贠,yuan2
跡,ji4
踦,ji1
遯,dun4
鉅,ju4
鎌,lian2
靉,ai4
韲,ji1
餖,dou4
鶺,ji2
麕,jun1
瞼,jian3
菵,wang3
蟭,jiao1
錏,ya1
踐,jian4
輾,nian3
銷,xiao1
閣,ge2
頁,ye4
驟,zhou4
碼,ma3
禎,zhen1
禦,yu4
稖,bang4
稟,bing3
竇,dou4
笇,suan4
篂,xing1
緛,ruan3
編,bian1
縿,xian1
舊,jiu4
蓴,tuan2
蕚,e4
蘆,lu2
蝿,ying2
袃,chai4
親,qin1
訴,su4
讕,lan2
讚,zan4
財,cai2
贏,ying2
軅,yan4
軓,fan4
釙,po1
鉄,zhi2
錆,qiang1
閶,chang1
鯕,qi2
鶕,an1
麨,chao3
䜩,NA
䴗,NA
脭,cheng2
鲯,qi2
鐏,zun1
魾,pi1
眎,shi4
睞,lai4
窋,ku1
籠,long2
綠,lv4
縡,zai4
縫,feng2
肅,su4
鉏,chu2
謦,qing3
麹,qu1
蔔,bo
繐,sui4
眥,zi4
粺,bai4
缊,wen1
艈,uu
蓇,gu1
蛣,jie2
蹾,dun1
掎,ji3
哜,ji4
鄦,xu3
陞,sheng1
韰,xie4
飖,yao2
镲,cha3
麃,biao1
禑,wu2
筰,zuo2
聠,ping2
茷,pei4
螀,jiang1
袞,gun3
褧,jiong3
賮,jin4
赗,feng4
踡,juan3
揞,an3
遝,ta4
酂,zan4
酇,zan4
醜,chou3
檑,lei2
雮,mu4
氍,qu2
腙,zong1
飩,tun2
痖,ya3
髣,fang3
髳,mao2
酎,zhou4
鲒,jie2
鲪,jun1
鹯,zhan1
麜,li4
齸,yi4
齻,dian1
粩,lao1
詣,yi4
隄,di1
簰,pai2
蒾,mi2
蓏,luo3
薳,wei3
藛,xie3
蚢,hang2
蓠,li2
蓰,xi3
遡,su4
郋,xi2
鄜,fu1
錞,dui4
靣,mian4
鸂,xi1
麐,lin2
麚,jia1
齧,nie4
䌷,NA
睊,juan4
砢,luo3
碻,qiao1
絃,xuan4
茝,zhi3
菴,yan3
袥,tuo1
襍,za2
覗,si4
詩,shi1
諥,zhong4
跂,qi2
辵,chuo4
邅,zhan1
醨,li2
頍,kui3
疰,zhu4
觜,zi1
鴿,ge1
笭,ling2
糷,lan4
纘,zuan3
翉,ben3
胵,zhi4
芖,zhi4
蔣,jiang3
蔦,niao3
蛚,lie4
蛯,lao3
蜏,you3
讞,yan4
賲,bao3
钃,zhu2
餈,ci2
馧,wo4
麤,cu1
鼶,si1
禱,dao3
臓,zang4
鈍,dun4
錫,xi1
紛,fen1
遙,yao2
螣,te4
铽,te4
竝,bing4
粊,bi3
紗,sha1
紮,za1
絺,zhi3
絿,qiu2
緯,wei3
脦,te4
臇,juan3
臋,tun2
葍,fu2
葞,mi3
葯,yao4
葻,lan2
藙,yi4
蜔,dian4
螕,bi1
蟻,yi3
襲,xi2
觼,jue2
觿,wei2
詼,hui1
諝,xu1
貨,huo4
賀,he4
趧,ti2
跉,ling2
躍,yue4
軒,xuan1
輪,lun2
邉,bian1
鄶,kuai4
酁,chan2
釀,niang4
鈾,you2
鈿,dian4
鍊,lian4
闀,hong4
闄,yao3
腽,wa4
霧,wu4
韌,ren4
頎,ken3
額,e2
顫,chan4
顬,ru2
髿,suo1
鴣,gu1
鶝,bi4
鷣,yin2
齋,zhai1
鋊,yu4
隤,tui2
艦,jian4
譟,zao4
蒉,kui4
磜,qi4
綼,bi4
輋,she1
頨,yu3
閗,dou4
鮍,pi1
鯡,fei1
鲹,shen1
禣,fu4
粏,tai4
綿,mian2
臐,xun1
迏,da2
鋾,tao2
鐇,fan2
铻,wu2
鮼,qin1
鼈,bie1
込,ru4
篰,bu4
痄,zha4
睄,qiao2
磡,kan4
窔,yao4
筊,jiao3
羺,nou2
腪,yun4
臢,za1
荄,gai1
蓡,shen1
蝀,dong1
詥,ge2
豀,xi1
苠,min2
郞,lang2
骒,ke4
戤,gai4
铞,diao4
耢,lao4
麯,qu1
秱,tong2
筼,yun2
綈,ti2
翬,hui1
脧,juan1
茣,wu2
菒,gao3
蓯,zong3
蕝,jue2
詝,zhu3
謱,lou2
冁,chan3
踧,di2
茚,yin4
辌,liang2
辒,wen1
郪,qi1
鄘,yong1
鄠,hu4
帱,chou2
鈇,fu1
缲,qiao1
雚,guan4
雟,gui1
韺,ying1
頵,yun1
顝,kua3
镘,man4
鬋,jian3
酾,shai1
鳣,zhan1
鴦,yang1
麀,you1
麉,jian1
麊,mi2
麣,yan2
藬,tui1
鏘,qiang1
鞚,kong4
飔,si1
鴃,gui1
齏,ji1
礄,qiao2
誥,gao4
醲,nong2
毳,cui4
築,zhu4
絫,lei3
脺,cui4
苧,zhu4
蚘,you2
蝺,yu3
蠶,can2
裀,yin1
詧,qie4
貍,mai2
踘,ju1
蹷,jue2
蟓,xiang4
盦,an1
瞆,gui4
矰,zeng1
磥,lei2
祮,gao4
稛,kun3
箾,xiao1
翂,fen1
胊,qu2
蓺,yi4
薾,er3
襱,long2
覅,fiao
讏,wei4
跅,tuo4
踆,qun1
蹔,zan4
軐,xian4
轪,dai4
鄤,wan4
醰,tan2
鑟,du2
铔,ya1
閛,peng1
陙,chun2
霳,long2
顑,yan4
镤,pu2
鵲,que4
竚,zhu4
紩,zhi4
聦,cong1
餅,bing3
鶄,qing1
競,jing4
簷,yan2
糵,nie4
紖,zhen4
訪,fang3
豎,shu4
趦,zi1
隸,li4
禠,si1
籓,ban1
镥,lu3
盜,dao4
矝,qin2
笖,yi3
笧,shan4
簢,min3
簻,ke1
籌,chou2
粍,zhe2
綍,fu2
縕,wen1
罋,weng4
罷,ba4
翜,sha4
膰,pan2
膲,jiao1
菂,di4
葦,wei3
薢,xie4
藷,zhu1
螞,ma3
蠻,man2
袀,jun1
袐,bi4
覍,bian4
訌,hong4
訛,e2
詿,gua4
諄,zhun1
譜,pu3
豈,qi3
賢,xian2
賹,ai4
遷,qian1
釛,ba2
鈣,gai4
鈱,min2
鈶,ci2
鍛,duan4
鍦,shi1
鐵,tie3
閯,sha4
閺,wen2
閻,yan2
隂,yin4
頌,song4
頰,jia2
顆,ke1
顪,hui4
飼,si4
駕,jia4
駝,tuo2
驌,su4
驘,luo2
鰠,sao1
鰹,jian1
鲗,zei2
鶒,chi4
鶗,ti2
鷥,si1
鷹,ying1
齊,qi2
硙,wei4
禜,yong3
糢,mo2
藠,jiao4
镦,dun1
蕂,sheng4
霮,dan4
沩,wei2
颼,sou1
禬,gui4
鴪,yu4
鮨,yi4
鱣,shan4
盝,lu4
眹,zhen4
睖,leng4
磫,zong1
禫,dan4
繨,da2
薦,jian4
褱,huai2
鏏,wei4
鮁,ba4
鹓,yuan1
繟,chan2
繺,sha1
沲,duo4
餦,zhang1
篤,du3
踺,jian4
祦,wu2
篲,hui4
糰,tuan2
絙,geng1
纄,peng2
脝,heng1
茊,zi1
菫,jin3
蓞,uu
酦,po1
醾,mi2
锳,ying1
钶,ke1
鲼,fen4
齄,zha1
鴨,ya1
鷧,yi4
㧟,NA
祋,dui4
箯,bian1
粐,hu4
粦,lin2
粭,he2
紃,xun2
脰,dou4
芃,peng2
苽,gu1
莿,ci4
菆,zou1
藗,su4
藧,huan4
袵,ren4
裯,dao1
褵,li2
襆,pu2
詤,huang3
譓,hui4
跊,mei4
軈,ying1
苘,qing3
迺,nai3
掭,tian4
邇,er3
邘,yu2
鄳,meng2
猸,mei2
艴,fu2
鑕,zhi4
柃,ling2
闒,ta4
毹,shu1
脶,luo2
颋,ting3
鵀,ren2
鶜,mao2
鶟,tu2
鷱,gao1
鷲,jiu4
鹍,kun1
麖,jing1
䦆,NA
軎,wei4
稂,lang2
蒞,li4
蠆,chai4
褲,ku4
佧,ka3
紵,zhu4
緌,rui2
蠾,zhu2
裲,liang3
郈,hou4
鋐,hong2
餱,hou2
瓞,die2
驙,zhan1
鯙,chun2
眆,fang3
睠,juan4
瞫,shen3
矅,yao4
碃,qing4
禃,zhi2
秔,jing1
穻,yu1
箇,ge4
籐,teng2
絏,yi4
纕,xiang1
翐,zhi4
耈,gou3
耎,nuo4
脷,li4
膕,guo2
艐,ke4
艷,yan4
苙,li4
葹,shi1
蓂,mi4
蔲,kou4
薋,zi1
蛷,qiu2
蜑,dan4
衂,nv4
衋,xi4
袿,gui1
訕,shan4
訝,ya4
詠,yong3
誳,jue4
諆,qi1
讱,ren4
軃,tuo3
轝,yu4
郀,ku1
郵,you2
鉐,shi2
鍧,hong1
鍼,qian2
鏦,cong1
镵,chan2
閭,lv2
闢,pi4
陗,qiao4
陼,du3
韈,wa4
骫,wei3
骳,bei4
骹,jiao1
髠,kun1
髥,ran2
鳒,jian1
鶡,he2
龒,mang2
籂,shi4
翯,he4
莚,yan2
萗,ce4
転,zhuan3
鄷,feng1
靭,ren4
馉,gu3
騙,pian4
驊,hua2
鼰,ju2
綑,kun3
績,ji1
臘,la4
臛,huo4
賜,ci4
贈,zeng4
蹣,pan2
軡,qian2
鋸,ju4
錐,zhui1
顎,e4
瞐,mo4
銶,qiu2
钖,yang2
矊,mian2
矘,tang3
矚,zhu3
矡,jue2
硽,yan1
磿,li4
礈,zhui4
礜,yu4
秲,zhi4
窮,qiong2
竄,cuan4
笗,dong1
箘,jun4
箽,dong3
簍,lou3
簜,dang4
粷,ju2
絨,rong2
絹,juan4
緷,yun4
緻,zhi4
繉,hun2
繙,fan2
罁,gang1
羅,luo2
羇,ji1
聣,uu
聰,cong1
脙,xiu1
脛,jing4
脻,jie1
脼,lang3
腗,pi2
艜,dai4
萊,lai2
葘,zi1
葢,gai4
蔥,cong1
藍,lan2
藘,lv2
藝,yi4
蘿,luo2
蛬,qiong2
螁,ban1
螚,nai2
螤,zhong1
袇,ran2
袌,bao4
袔,ke4
袦,na4
袨,xuan4
覂,ban3
訃,fu4
訋,diao4
詫,du4
詬,gou4
詮,quan2
詻,e4
誠,cheng2
謬,miu4
譃,xu1
譄,zeng1
譯,yi4
譽,yu4
賰,chun3
趮,zao4
蹱,zhong1
軙,qi2
軠,kuang2
輩,bei4
辭,ci2
遜,xun4
鄧,deng4
鄫,zeng1
鄿,ji1
酀,yan3
釡,fu3
釢,nai3
鉃,shi4
鍍,du4
鍎,tu2
鎖,suo3
闃,qu4
鞗,tiao2
韱,xian1
頹,tui2
願,yuan4
顳,nie4
餁,ren4
餃,jiao3
餵,wei4
馮,feng2
馳,chi2
駛,shi3
騎,qi2
騺,zhi4
鯚,ji4
鰟,pang2
鱉,bie1
鳛,xi2
鴟,chi1
鴮,wu1
鴲,zhi1
鴷,lie
鷷,zun1
鸀,zhu2
麎,chen2
麡,qi2
麧,he2
鼇,ao2
鼞,tang1
鼤,wen2
齺,zou1
齽,jin4
龑,yan
裏,NA
䦶,NA
䲡,NA
砮,nu2
綟,li4
緜,mian2
繑,jue1
纑,lu2
罈,tan2
蠙,bin1
輴,chun1
酨,zai4
鏂,ou1
駹,mang2
鎪,sou1
瞕,zhang4
窪,wa1
肻,ken3
蠔,hao2
鐰,qiao1
綵,cai3
鮰,hui2
鳾,shi
虰,ding1
驎,lin2
荬,mai3
鑛,kuang4
犏,pian1
鞧,qiu1
鮋,you2
鰷,tiao2
鶲,weng1
盕,fan4
盩,zhou1
盻,pan3
眖,kuang4
砛,jin1
硈,qia4
禢,ta4
禥,qi2
窼,ke1
竏,qian1
筈,kuo4
筽,o
篴,di2
籆,yue4
籇,hao2
紏,tou3
肣,han2
胑,zhi1
臮,ji4
苲,zha3
蒃,zhuan4
虗,xu1
蜌,bi4
跘,ban4
鞦,qiu1
驄,cong1
鷭,fan2
鸼,diao3
鹐,qian1
矄,xun1
魖,xu1
鴐,ge1
薀,wen1
謏,xiao3
脎,sa4
締,di4
聧,kui1
脜,you3
艤,yi3
荖,lao3
蕌,lei3
蠷,qu2
褏,you4
觽,wei2
踫,pan2
蹽,liao1
軉,yu4
軛,e4
墚,liang2
搌,zhan3
擗,pi3
哳,zha1
鋻,jian1
楗,jian4
韂,chan4
飆,biao1
饏,dan4
耥,tang1
髼,peng2
篼,dou1
鬑,lian2
醑,xu3
鴧,yu4
眜,mo4
瞷,jian4
磦,piao1
礨,lei3
祃,ma4
祲,jin4
祻,gu4
窊,wa1
簥,jiao1
籲,yu4
縢,teng2
繌,sha3
繒,zeng1
聜,di3
胔,zi4
胾,zi4
脨,ji2
膼,zhua1
艕,bang4
苼,sheng1
莻,neus
蓨,tiao2
蓵,jie2
蓾,lu3
藦,mo4
虀,ji1
蚈,qian1
蛡,yi4
蛻,tui4
蝝,yuan1
蝹,ao3
蟿,ji4
衼,zhi1
褦,nai4
襶,dai4
覐,jiao4
詯,hui4
誴,cong2
諓,jian4
謧,li2
謪,shang1
譁,wa2
貤,yi2
赪,cheng1
踖,ji2
軆,ti1
輈,zhou1
鄛,chao2
鄡,qiao1
醖,yun4
屺,qi3
鍑,fu4
鏉,shou4
雊,gou4
顓,zhuan1
飐,zhan3
稆,lv3
駳,dan4
騽,xi2
骍,xing1
筻,gang4
魱,hu2
舣,yi3
鮾,nei3
鯋,sha1
鯏,li2
鶃,yi4
鶫,dong1
齛,xie4
矙,kan4
絾,cheng2
袗,zhen3
襬,bai3
漤,lan3
闕,que4
鬐,qi2
鲾,bi1
鴾,mou2
稭,jie1
籄,kui4
聺,qie2
褹,yi4
訟,song4
鏕,ao2
齆,weng4
盫,an1
矎,xuan1
礋,ze2
窌,pao4
簼,gou1
糴,di2
纴,ren4
罵,ma4
翚,hui1
耰,you1
艧,wo4
藇,yu3
虖,hu1
蚖,wan2
蜎,yuan1
蜨,die2
蠭,pang2
詟,zhe2
詵,shen1
譔,quan2
豭,jia1
趙,zhao4
趬,qiao1
阢,wu4
圊,qing1
醃,yan1
録,lu4
鍮,tou1
鍸,hu2
闚,kui1
阤,yi3
霫,xi2
鞎,hen2
韗,yun4
鬖,san1
鳠,hu4
鴼,lu4
鷇,kou4
黇,tian1
黡,yan3
齣,chu1
盞,zhan3
眅,pan1
磈,wei3
磳,zeng1
穫,hu4
窅,yao3
窾,kuan3
筭,suan4
箣,ce4
簃,yi2
簺,sai4
粴,li3
糦,xi1
絟,quan2
緺,gua1
縩,cai4
罍,lei2
翣,sha4
聟,xu4
肊,yi3
肙,yuan4
肞,cha1
臞,qu2
苶,nie4
菭,tai2
葖,tu1
蕳,jian1
蚒,tong2
蜪,tao2
蝕,shi2
蠜,fan2
袕,xue2
裋,shu4
裩,kun1
褌,kun1
褎,you4
襫,shi4
覈,he2
觭,ji1
訆,jiao4
訏,xu3
訽,gou4
詨,xiao4
譻,ying1
诇,xiong4
貑,jia1
跱,zhi4
坶,mu3
躘,long2
輖,zhou1
轇,jiao1
轋,hun2
轕,ge2
迒,hang2
郘,lv3
醄,tao2
醼,yan4
鋋,chan2
鏁,suo3
鏭,xi1
鐄,huang2
鑣,biao1
鑷,nie4
辁,quan2
阸,e4
牿,gu4
鞝,zhang3
頞,e4
瞵,lin2
饤,ding4
駃,kuai4
駉,jiong1
騠,ti2
驡,long2
髪,fa1
鬚,xu1
鬿,qi2
鮌,gun3
鯁,geng3
鱻,xian1
鶚,e4
鷫,su4
鹖,he2
磩,qi4
磭,chuo4
稌,tu2
穃,rong4
綂,tong3
膥,cen1
膱,zhi2
臿,cha1
艎,huang2
苃,you3
茍,ji4
蒟,ju3
藣,bei1
虈,xiao1
蜐,jie2
訅,qiu2
詭,gui3
讈,li4
貿,mao4
趷,ke1
蹌,qiang1
蹹,ta2
鈰,shi4
銑,xi3
鋫,li2
鍔,e4
鐨,fei4
餉,xiang3
騛,fei1
鯛,diao1
鰤,shi1
鳳,feng4
鵂,xiu1
鶢,yuan2
鶳,shi1
黋,kuang4
齢,ling2
磚,zhuan1
緲,miao3
繳,jiao3
聝,guo2
膴,wu3
芵,jue2
藫,tan2
覓,mi4
誕,dan4
誡,jie4
貎,ni2
賄,hui4
跰,beng4
踥,qie4
迆,tuo2
逕,jing4
逤,suo4
鏢,biao1
鏤,lou4
鑄,zhu4
鑽,zuan4
頷,han4
鴉,ya1
鴰,gua1
麅,pao2
礱,long2
祿,lu4
缷,xie4
虙,fu2
齗,yan3
裓,ge2
铹,lao2
睙,lie4
矟,shuo4
硣,xiao1
磹,dian4
礀,jian4
禮,li3
秶,zi1
窇,bao2
竷,kan3
笣,bao1
篃,mei4
簬,lu4
簯,qi3
粓,gan1
粶,lu4
紋,wen2
紓,shu1
絞,jiao3
緹,ti2
縷,lv3
縼,xuan4
繆,miao4
繕,shan4
繚,liao2
繞,rao4
绤,xi4
罆,guan4
羈,ji1
翆,cui4
翑,yu4
聵,kui4
脵,gu3
臄,ju1
茽,zhong4
莊,zhuang1
莢,jia2
莵,tu4
菕,lun2
蓛,ce4
蓷,tui1
蓸,cao2
蔘,shen1
蔞,lou2
蕘,yao2
蕼,si4
薔,qiang2
藖,qian1
藢,zhi3
藶,li4
蛢,ping2
蟯,nao2
蠄,qin2
蠈,zei2
蠎,mang3
蠣,li4
襪,wa4
覙,zhen3
訑,yi2
訣,jue2
詰,jie2
詸,mi2
誰,shui2
諏,zhou1
諛,yu2
諮,zi1
諱,hui4
謥,cong4
謨,mo2
譫,zhan1
貋,an4
貛,huan1
貫,guan4
賓,bin1
賞,shang3
贁,bai4
贂,chen3
贉,dan4
趤,dang4
趯,yue4
趶,wu1
跔,ju1
踴,yong3
蹆,tui3
塥,ge2
輝,hui1
輰,yang2
輿,yu2
轂,gu1
邁,mai4
邼,kuang1
釟,ba1
釠,luan4
釣,diao4
鈉,na4
鈴,ling2
鈺,yu4
鉂,shi3
銊,hui4
銘,ming2
鋤,chu2
鋭,dui4
錃,pi1
錈,juan3
漭,mang3
錨,mao2
鍤,cha1
鏆,guan4
鐖,ji1
鐧,jian1
鐳,lei2
鑱,chan2
鑾,luan2
镃,zi1
閬,lang2
閾,yu4
閿,wen2
陜,xia2
陝,shan3
霠,yin1
鞏,gong3
鞖,sui1
韨,fu2
韼,peng2
韽,an1
頒,ban1
頤,yi2
顛,dian1
飳,tou3
飸,tao1
餆,yao2
館,guan3
饅,man2
駐,zhu4
駡,ma4
駷,song3
騁,cheng3
騫,qian1
騷,sao1
騼,lu4
髕,bin4
魜,ren2
鰫,yong2
鱗,lin2
鱽,dao1
鲬,yong3
鴻,hong2
鶆,lai2
鶊,geng1
鷳,xian2
鷿,pi4
鸁,luo2
麞,zhang1
鼏,mi4
鼜,qi4
鼫,shi2
齦,yin2
䦂,NA
䲟,NA
䴓,NA
䴕,NA
䶮,NA
盬,gu3
祅,yao1
禡,ma4
禭,sui4
糱,nie4
縂,zong3
蠥,nie4
軷,ba2
鄮,mao4
釱,di4
銦,yin1
錣,zhui4
鑢,lv4
钑,xi4
饟,xiang3
鯅,shan1
鼊,bi4
䴖,NA
簫,xiao1
粛,su4
粻,zhang1
饈,xiu1
盌,wan3
瞂,fa2
鋅,xin1
靮,di2
盨,xu3
県,xian4
箥,bo3
簕,le4
臖,xing4
鎔,rong2
鏐,liao2
顔,ya2
盿,min2
萵,wo1
蔊,han3
覥,tian3
貲,zi1
驢,lv2
鶸,ruo4
磑,wei4
窎,diao4
詒,yi2
鉔,za1
鏱,zhang1
隺,he4
饜,yan4
荘,zhuang1
蒻,ruo4
蔴,ma2
裛,yi4
鈙,qin2
鎋,xia2
鑀,ai4
髴,fei4
鴓,bi4
鸴,xue2
黿,yuan2
秹,ren3
茢,lie4
蘁,e4
蚑,qi2
鏻,lin2
霤,liu4
霩,kuo4
頺,tui2
餚,yao2
鯂,su1
籔,shu3
蕁,tan2
蘘,xiang1
雑,za2
鬶,gui1
鯵,shen1
鰧,teng
鱂,jiang1
鳂,wei1
鵟,kuang2
盠,li2
盳,wang4
盽,feng1
眃,yun2
眏,yang1
睧,hun1
硄,guang1
碔,wu3
碦,ke4
碸,feng1
磃,ti2
礘,e4
礮,pao4
祘,suan4
禤,xuan1
秌,qiu1
秙,ku4
秢,ling2
稧,qie4
稬,nuo4
稲,dao4
稸,xu4
穜,tong2
竒,qi2
筶,gao3
篬,qiang1
籒,zhou4
籜,tuo4
籞,yu4
籶,shen1
糂,san1
糉,zong4
綡,liang2
綶,guo3
緄,gun3
緗,xiang1
緼,wen1
縁,yuan2
縋,zhui4
縞,gao3
繤,zuan3
繧,yun2
繬,se4
纃,qi2
纉,zuan3
纒,chan2
纗,zui1
罯,an3
羀,liu3
耴,yi4
肍,qiu2
腨,shuan4
膗,chuai2
膟,lu4
舦,tai4
艊,bo2
菄,dong1
葾,yuan1
蒕,yun1
蒘,na2
蒧,dian3
蓃,sou1
蓆,xi2
蔱,sha1
蘔,jiong3
蟨,jue2
蠪,long2
襖,ao3
誇,kua1
謟,tao1
讙,huan1
谽,han1
踨,zong1
躉,dun3
躱,duo3
輗,yi4
釔,yi3
鋕,zhi4
鎚,dui1
韆,qian1
鯶,huan4
鳋,sao1
鹒,geng1
篭,long2
縜,yun2
腣,di4
赲,li4
馻,yun3
磞,peng1
睕,wan1
瞜,lv2
碠,ding4
磽,qiao3
簘,xiao1
腃,quan1
腵,jia1
蓳,jin3
覇,ba4
醱,po1
銝,xiu1
巛,chuan1
鐴,bei4
鑵,guan4
隩,yu4
颺,yang2
飮,yin3
飰,fan4
餇,tong2
饐,yi4
痃,xuan2
駞,tuo2
鴜,ci2
㳠,NA
䁖,NA
睅,han4
睍,xian4
碭,dang4
碽,gong1
磸,ding4
礉,he2
礽,reng2
祾,ling2
禌,zi1
筥,ju3
簴,ju4
紣,zu2
絍,ren4
縆,geng1
繀,cui3
繃,beng1
羕,yang4
羵,fen2
耇,gou3
聫,lian2
脗,wen3
臯,gao1
艁,zao4
艂,feng2
茞,chen2
葨,wei1
蒄,guan1
蒭,chu2
薂,xi2
藯,wei4
蜆,xian3
螑,xiu4
蟼,jing3
衟,dao4
褑,yuan2
褠,gou1
訐,ji4
訔,yin2
詖,bi4
詗,xiong4
詪,hen3
諈,zhui4
諑,zhuo2
讌,yan4
豗,hui1
豷,yi4
貗,yu2
貣,te4
賯,min2
贋,yan4
冱,hu4
輀,er2
蒈,kai3
轓,fan1
迋,wang4
逓,di4
鄺,kuang4
酳,yin4
鈪,ngag
尜,ga2
鐐,liao4
轷,hu1
霘,dong4
鞄,pao2
騧,gua1
髽,zhua1
魣,yu2
鯀,gun3
鰰,shen2
鴹,yang2
鼪,sheng1
龔,gong1
秊,NA
䴔,NA
眮,tong2
笀,mang2
籣,lan2
藑,qiong2
垲,kai3
鍳,jian4
鵬,peng2
禔,zhi1
穯,se4
茿,zhu2
莂,bie2
薃,hao4
襛,nong2
谻,ji2
賚,lai4
魳,shi1
鵄,chi1
㭎,NA
穄,ji4
穵,ya4
篛,na4
簑,sui1
絭,juan4
緅,zou1
緍,min3
罇,zun1
耑,zhuan1
艒,mo4
豠,chu2
蹎,dian1
辢,la4
醻,shou4
鐍,yu4
鑮,bo2
闍,du1
頳,cheng1
驈,yu4
髲,bi4
鱮,yu2
麰,mou2
鼄,zhu1
鼅,zhi1
鼖,fen2
㩳,NA
眣,die2
睎,xi1
瞣,huan4
矀,mei2
硊,wei3
碅,jun1
磪,cui1
礒,yi3
禞,gao4
秠,pi1
穙,pu2
穱,jue2
窯,yao2
竢,si4
笍,zhui4
筩,yong3
篳,bi4
簠,fu3
粃,bi3
粖,mo4
糓,gu3
糺,jiu1
紭,hong2
紾,tian3
絶,jue2
綅,qin1
繂,lv4
繋,ji4
繣,hua4
罙,mi2
罥,juan4
罼,bi4
羗,you3
羜,zhu4
翭,hou2
耮,lao4
聸,dan1
肸,bi4
胹,er2
脣,chun2
腬,rou2
膄,shou4
膆,su4
膋,liao2
臕,biao1
舃,tuo1
艫,lu2
艭,shuang1
艶,yan4
艼,ding3
荢,yu2
荳,dou4
萚,tuo4
蓗,zong3
蓱,ping2
蕋,juan3
蕟,fa4
薐,leng2
薠,fan2
藺,lin4
蘓,su1
蘪,mei2
虵,ye3
蚾,bo3
蛖,bang4
蛜,yi1
蝍,ji2
蝨,shi1
蟂,xiao1
蟜,jiao3
蠏,xie4
衕,dong4
衘,yu4
袟,zhi4
袬,yu4
誾,yin2
譅,se4
譌,e2
譸,zhou1
讜,dang3
趝,jian4
趡,wei3
跾,chou1
踀,chu4
踸,chen3
蹡,qiang1
垌,dong4
蹳,bo1
躛,wei4
躩,jue2
躶,luo3
軏,yue4
軬,fan4
輵,ya4
轗,kan3
轥,lin4
逷,ti4
遈,shi2
邌,li2
鄟,zhuan1
醎,jian3
釭,gang1
鈸,bo2
怊,chao1
銌,zun4
鋂,mei2
鋎,han4
鍐,wan3
鎴,xi2
鎸,juan1
鑘,lei2
閔,min3
雋,jun4
膪,chuai4
霣,yun3
靃,huo4
韍,fu2
颩,diao1
飦,gan1
餔,bu1
駋,zhao1
騄,lu4
骩,wei3
骻,kua4
骾,geng3
鬙,seng1
鬽,mei4
魫,shen3
鯈,tiao2
鯩,lun2
鯬,li2
鰌,qiu1
鲓,kao4
鴂,gui1
鶍,yi4
鶠,yan3
鷁,yi4
鷖,yi1
鸇,zhan1
鸘,shuang1
鸧,qiang1
鹙,qiu1
麏,jun1
黮,dan3
齯,ni2
龓,long2
盓,yu1
眕,zhen3
睘,qiong2
睩,lu4
矂,sao4
矵,diao1
矺,da1
砪,mu3
硂,quan2
碒,yin2
磣,chen3
祤,yu3
禩,si4
稑,lu4
穐,qiu1
穛,bo2
竂,liao2
笉,qin3
篟,qian4
篺,pi2
紂,zhou4
紻,yang3
綹,liu3
緐,fan2
縈,ying2
繖,san3
繯,huan2
繴,bi4
纀,pu2
羉,luan2
翈,xia2
耡,chu2
腀,lun2
艩,qi2
苅,yi4
莁,wu2
菞,li2
菳,qin1
萈,huan2
蒁,shu4
蒑,yin1
蓔,yao3
蓕,gui4
蔙,xuan4
蔿,wei3
蕧,fu4
薆,ai4
薗,yuan2
薝,zhan1
藀,ying2
蘌,yu3
虋,men2
蚿,xian2
蜫,kun1
蜽,liang3
螥,cang1
蠚,he1
袽,ru2
裶,fei1
裺,an1
褣,rong2
褸,lv3
詅,ling2
詇,yang4
詐,zha4
誻,ta4
諧,xie2
謚,yi4
豧,fu1
貮,er4
賡,geng1
賱,yun4
赑,bi4
赹,qiong2
赽,gui4
踃,qiao4
蹞,kui3
蹧,zao1
躻,kong1
躿,kang1
輻,fu2
郟,jia2
鄑,zi1
酼,hai3
醁,lu4
醕,chun2
醥,piao3
釪,yu2
鈵,bing3
銒,jian1
銙,kua3
鋺,yuan1
錗,wei4
錥,yu4
鍓,ji2
鍟,sheng1
鎍,se4
鎘,ge2
鏿,cheng1
鐎,jiao1
鐤,ding3
鐿,yi4
鑊,huo4
锧,zhi4
閧,hong4
闛,tang1
隝,dao3
隥,deng4
隦,pi2
靄,ai3
靱,ren4
鞪,mou2
鞺,tang1
鞿,ji1
韟,gao1
顀,chui2
飀,liu2
飥,tuo1
飪,ren4
餒,nei3
饆,bi4
馿,lv2
癀,huang2
驦,shuang1
髉,bo2
鬉,zong1
鬸,liu4
魛,dao1
鳷,zhi1
鵋,ji4
鵏,bu1
鵨,shu1
鵼,kong1
鷵,tu2
鷼,xian2
鸍,mi2
鸓,lei3
鸖,he4
鹠,liu2
黶,yan3
鼉,tuo2
齰,ze2
碀,cheng2
礇,yu4
禪,chan2
筣,li2
箏,zheng1
糧,liang2
紐,niu3
紳,shen1
綀,shu1
緱,gou1
缾,ping2
羷,lian3
耊,die2
臚,lu2
艍,ju1
葏,jian1
蠅,ying2
詛,zu3
誽,na2
諂,chan3
賂,lu4
輧,peng1
輽,ben4
釦,kou4
鈕,niu3
鏍,luo2
鏽,xiu4
鐲,zhuo2
颱,tai2
饝,mo2
騇,she4
髏,lou2
腂,lei3
臗,kun1
眀,ming2
砫,zhu3
祙,mei4
祳,shen4
粧,zhuang1
蕣,shun4
觓,qiu2
趹,gui4
鄍,ming2
鈡,zhong1
羭,yu2
蝄,wang3
衸,jie4
謡,yao2
閏,run4
盪,dang4
眲,ne4
睋,e2
矃,ning3
矒,meng2
硟,chan4
碩,shuo4
磄,tang2
礂,xi1
礊,ke4
祰,gao4
祹,tao2
禐,yuan4
秳,kuo4
秼,zhu1
稄,xun4
稇,kun3
稈,gan3
稘,ji1
稙,zhi4
穢,hui4
竸,jing4
竾,chi2
笐,hang2
笜,zhu2
筂,chi2
箒,zhou3
箛,gu1
箞,qian1
箤,zu2
箷,yi2
箹,yao4
箿,ji2
篜,zheng1
簞,dan1
簤,dai4
簨,zhuan4
簹,dang1
簽,qian1
籬,li2
粔,ju4
粸,qi2
紇,ge1
紝,ren4
紺,gan4
絆,ban4
絳,jiang4
綄,huan2
綊,xie2
綏,sui2
綒,fu1
綔,hu4
綗,jiong3
綴,zhui4
緝,ji1
緞,duan4
緦,si1
緰,tou2
緶,bian4
縣,xian4
縹,piao1
繜,zun1
繝,jian4
繩,sheng2
纏,chan2
罃,ying1
罝,ju1
罰,fa2
羴,shan1
翢,dao4
聡,cong1
聹,ning2
聻,ni3
聾,long2
脕,wan4
脟,lie4
脳,nao3
脽,shui2
脿,biao1
臈,la4
艑,bian4
艙,cang1
艢,qiang2
芻,chu2
茻,mang3
荊,jing1
菐,pu2
菓,guo3
菙,chui2
菚,zhan4
菣,qin4
菦,qin2
菨,jie1
葔,hou2
葠,shen1
葮,duan4
葲,quan2
蓙,zuo4
蔁,zhang1
蕛,ti2
蕜,fei3
蕦,xu1
蕵,sun1
蕷,yu4
薖,ke1
藨,biao1
藮,qiao2
藰,liu2
藳,gao3
藵,bao3
虃,jian1
虘,cuo2
虜,lu3
虝,hu3
蛥,she2
蛶,jie4
蜠,jun4
蝸,wo1
螐,wu1
螖,hua2
螡,wen2
螢,ying2
蟳,xun2
蠌,ze2
蠍,xie1
蠒,jian3
蠗,zhuo2
蠝,lei3
蠟,la4
袘,yi2
褜,pao2
褨,cha2
襾,ya4
覊,ji1
覚,jiao4
覛,mi4
覟,zhi4
覠,jun1
覯,gou4
訜,bin1
訡,yin2
訮,yan2
証,zheng4
詷,dong4
詺,ming4
諉,wei3
諒,liang4
諘,biao3
諦,di4
諺,yan4
謀,mou2
謠,yao2
謩,mo2
謸,ao4
謽,jiang4
讍,e4
讛,yi4
貦,wan2
貸,dai4
貽,yi2
賅,gai1
賊,zei2
賳,zai1
賺,zuan4
贀,yi4
贄,zhi4
贊,zan4
贌,pu2
趪,guang1
跁,ba4
跈,nian3
跒,qia3
蹖,chong1
軀,qu1
軇,dao4
軔,ren4
軘,tun2
軣,hong1
軻,ke1
輒,zhe2
輥,gun3
輦,nian3
轟,hong1
逇,dun4
邔,qi3
邥,shen3
邫,bang1
鄽,chan2
醆,zhan3
醞,yun4
醽,ling2
釥,jiao3
鈂,qin2
鈽,bu1
鉍,bi4
鉛,qian1
銓,quan2
銜,xian2
鋇,bei4
鋒,feng1
鋰,li3
鋷,nie4
錠,ding4
錦,jin3
鎲,tang3
鏈,lian4
鏟,chan3
鐑,qie4
鐬,hui4
鑲,xiang1
鑴,xi1
鑿,zao2
镻,die2
閑,xian2
閰,ju2
閳,chan3
閴,qu4
閹,yan1
闌,lan2
闡,chan3
陮,dui4
陻,yin1
霂,mu4
靵,niu3
鞊,ji2
鞛,beng3
韓,han2
韴,za2
韷,le4
頊,xu1
頋,gu4
頓,dun4
頜,he2
顕,xian3
顨,xun4
顴,quan2
飷,jie3
飺,ci2
飾,shi4
餀,hai4
餌,er3
餓,e4
饒,rao2
饡,zan4
饳,duo4
饻,xi1
馴,xun4
駜,bi4
駣,tao2
駥,rong2
駨,xuan4
駶,ju2
騰,teng2
騿,zhang1
驁,ao4
驇,zhi4
驑,liu2
驕,jiao1
驖,tie3
驥,ji4
髞,sao4
鬀,ti4
鬄,di2
鬅,peng2
鬢,bin4
鬧,nao4
魰,wen2
魵,fen2
魸,pian4
魺,ge3
鯊,sha1
鯐,zou3
鯓,shen1
鯖,qing1
鯗,xiang3
鰞,wu1
鰬,qian2
鰵,min3
鰸,qu1
鰻,man2
鱌,xiang4
鱺,li2
鳩,jiu1
鳪,bu3
鳶,yuan1
鴭,dui1
鴳,an1
鴴,heng2
鴵,xiao1
鴺,yi2
鴽,ru2
鵁,xiao1
鵝,e2
鶈,qi1
鶐,shu4
鶓,miao2
鶩,wu4
鶴,he4
鷩,bi4
鷴,xian2
鷽,xue2
麩,fu1
麵,mian4
鼑,ding3
鼘,yuan1
鼮,ting2
齲,qu3
齼,chu3
龝,qiu1
䦃,NA
䲣,NA
䲠,NA
禖,mei2
禵,zhi1
秅,na2
竌,chu4
籙,lu4
粵,yue4
緋,fei1
羠,yi2
翖,xi1
艣,lu3
蚡,fen2
訹,xu4
諠,xuan1
輂,ju2
輨,guan3
遶,rao3
鈆,qian1
鈖,fen1
銅,tong2
鍥,qie4
鎇,mei2
绗,hang2
鐷,ye4
閽,hun1
闟,xi4
韮,jiu3
騣,zong1
髧,dan4
鴢,ao1
鷘,chi4
黺,fen3
祶,di4
荮,zhou4
瞏,huan2
稴,lian4
笲,fan2
笿,luo4
縪,bi4
纍,lei4
翸,pen3
肧,pei1
臶,jian4
蜸,qian3
豊,feng1
賁,ben1
輐,wan4
輘,leng2
邏,luo2
雘,wo4
鯽,ji4
䓖,NA
眞,zhen1
睴,gun4
瞡,gui1
砏,bin1
磯,ji1
粿,guo3
紘,hong2
舋,xin4
葋,qu2
薭,bai4
虲,uu
蠩,zhu1
覵,bian3
註,zhu4
詄,die2
譗,zha2
趰,er3
軧,di3
岍,qian1
鉼,bing3
鋪,pu1
鞻,lou2
颵,xiao1
餼,xi4
騍,ke4
驂,can1
鯘,nei3
鳿,yu4
龎,pang2
睉,zhuai4
砤,tuo2
礑,dang4
禰,mi2
窤,guan1
竈,zao4
聶,nie4
蕒,mai3
説,shui4
趌,ji2
踄,bu4
鑰,yao4
隣,lin2
饌,zhuan4
驛,yi4
骿,pian2
鼥,ba2
碵,tian2
竤,hong2
絒,chou2
絓,gua4
芼,mao4
萢,pao4
蓧,you2
蔄,man4
螦,so
詀,zhan1
躦,zuan1
狨,rong2
錋,beng4
鎝,da1
鐩,sui4
隲,zhi4
霝,ling2
鞟,kuo4
礐,hu2
禗,si1
稡,zu2
穽,jing3
糮,han3
羮,lang2
肰,ran2
艸,cao3
葇,rou2
葟,huang2
蒪,po4
蝑,xie4
螧,qi2
蟅,zhe4
蟢,xi3
貒,tuan1
銫,se4
関,wan1
礤,ca3
鮭,gui1
鴙,zhi4
鴞,xiao1
鵣,lai4
鵪,an1
鷦,jiao1
鷺,lu4
齜,zi1
盢,xu4
眘,shen4
瞞,man2
礿,yue4
祩,zhu4
禨,ji1
秺,du4
穟,sui4
窫,ya4
笎,yuan2
篨,chu2
籋,mi2
緤,ye4
緵,zong1
縚,tao1
繿,lan2
羙,mei3
蘂,rui3
蜼,wei3
襘,gui4
訞,yao1
謄,teng2
谼,hong2
躒,yue4
躭,dan1
迍,zhun1
釿,yin3
鏸,hui4
颻,yao2
餟,zhui4
餫,yun4
餽,kui4
驆,bi4
鬳,yan4
魒,piao1
盉,he2
睱,xia2
睻,xuan1
磠,lu3
箋,jian1
絣,beng1
縀,xia2
縛,fu4
縧,tao1
荙,da2
莕,xing4
莙,jun1
螠,yi4
蟧,lao2
襌,dan1
襽,lan2
豰,bo2
賷,ji1
鉽,shi2
銲,han4
錧,guan3
鍚,yang2
鍱,ye4
骣,chan3
鑪,lu2
靷,yin3
頦,ke1
騊,tao2
骔,zong1
魽,han1
魿,lin2
鮅,bi4
鮇,wei4
鮎,nian2
鮘,dai4
鮪,wei3
鯨,jing1
鰿,ji4
鱀,ji4
鱄,tuan2
鱓,tuo2
鲖,tong2
鴒,ling2
